Customer_ID,City,Device_Brand,Plan,Tenure_Months,Repairs_Last_12M,Support_Contacts,Days_Since_Last_Service,Satisfaction_Score,Avg_Response_Hours,Annual_Spend,Warranty_Active,Discount_Used,Churn
C100001,Hyderabad,ASUS,Standard,30,3,0,43,4.1,5.8,3445.0,No,Yes,0
C100002,Delhi,Lenovo,Standard,29,0,3,80,3.4,19.8,4187.0,Yes,No,0
C100003,Mumbai,ASUS,Premium,11,2,0,10,4.2,14.1,2449.0,Yes,No,0
C100004,Chennai,Acer,Standard,39,0,3,38,4.6,19.4,6181.0,Yes,No,1
C100005,Chennai,Acer,Basic,34,4,4,34,4.3,30.2,3694.0,No,No,0
C100006,Pune,ASUS,Basic,37,3,2,25,3.5,21.8,,Yes,Yes,0
C100007,Hyderabad,Lenovo,Standard,23,1,3,52,2.7,30.2,3818.0,No,No,1
C100008,Delhi,Acer,Standard,43,3,2,57,2.7,11.3,4919.0,No,Yes,0
C100009,Bengaluru,HP,Basic,19,1,1,57,2.9,9.8,2424.0,No,Yes,0
C100010,Hyderabad,ASUS,Standard,39,3,1,18,3.7,18.2,800.0,No,Yes,0
C100011,Mumbai,Acer,Standard,10,1,2,1,4.0,17.6,5670.0,No,No,0
C100012,Pune,Acer,Premium,12,1,4,52,2.2,16.1,800.0,No,No,1
C100013,Delhi,Lenovo,Standard,26,3,3,31,3.0,8.4,6423.0,Yes,Yes,0
C100014,Delhi,ASUS,Standard,27,2,1,96,3.7,30.0,7761.0,Yes,No,0
C100015,Delhi,Dell,Basic,36,5,1,98,2.7,14.4,4488.0,No,No,0
C100016,Delhi,Dell,Standard,15,4,2,101,3.9,32.3,7269.0,Yes,Yes,0
C100017,Mumbai,Lenovo,Basic,42,4,3,19,3.2,18.1,4754.0,No,No,0
C100018,Hyderabad,Acer,Standard,16,1,3,61,2.8,24.5,7839.0,Yes,No,1
C100019,Pune,ASUS,Standard,26,2,1,69,3.5,23.6,3933.0,No,No,0
C100020,Chennai,Lenovo,Basic,45,2,0,66,3.9,9.8,800.0,Yes,No,0
C100021,Mumbai,Acer,Basic,26,2,1,35,,21.7,4648.0,No,No,0
C100022,Chennai,Lenovo,Basic,33,2,1,81,3.3,37.3,8045.0,Yes,Yes,0
C100023,Bengaluru,ASUS,Premium,44,6,0,45,3.9,20.5,5816.0,No,No,0
C100024,Pune,Acer,Standard,47,2,4,49,2.8,27.0,3821.0,Yes,Yes,1
C100025,Delhi,Lenovo,Basic,24,1,2,2,2.0,24.9,5425.0,No,Yes,0
C100026,Mumbai,ASUS,Premium,21,3,4,63,2.1,21.1,6645.0,Yes,Yes,1
C100027,Chennai,Dell,Standard,10,7,2,38,3.1,19.9,4637.0,No,No,0
C100028,Delhi,ASUS,Standard,26,0,0,58,,23.5,9790.0,No,No,0
C100029,Mumbai,Dell,Premium,45,0,0,52,3.2,25.6,3817.0,No,No,0
C100030,Chennai,HP,Basic,24,1,6,50,5.0,4.5,6705.0,No,Yes,1
C100031,Chennai,ASUS,Basic,17,2,1,44,2.3,20.5,6248.0,No,No,1
C100032,Bengaluru,Acer,Standard,6,4,1,67,3.2,16.2,3470.0,No,Yes,0
C100033,Hyderabad,ASUS,Basic,19,3,3,39,5.0,14.1,3994.0,Yes,No,0
C100034,Mumbai,Acer,Standard,12,3,2,4,3.9,31.0,6734.0,No,Yes,0
C100035,Pune,Acer,Basic,47,1,1,61,3.2,10.7,5075.0,Yes,No,1
C100036,Hyderabad,HP,Basic,26,2,1,22,3.4,4.1,5442.0,No,No,0
C100037,Pune,Dell,Basic,7,1,0,8,3.9,26.0,1692.0,Yes,No,0
C100038,Delhi,Dell,Standard,4,2,2,16,5.0,3.8,6046.0,Yes,No,0
C100039,Bengaluru,HP,Basic,41,1,2,53,3.0,1.0,5346.0,No,No,0
C100040,Mumbai,Dell,Basic,45,1,1,42,2.8,27.1,4679.0,Yes,No,0
C100041,Hyderabad,Lenovo,Premium,37,3,3,1,2.3,19.6,5486.0,Yes,No,0
C100042,Delhi,Acer,Basic,6,0,1,34,3.6,22.7,4022.0,Yes,No,0
C100043,Delhi,ASUS,Basic,5,3,1,78,2.2,13.6,3675.0,No,No,0
C100044,Chennai,Lenovo,Basic,10,2,0,32,3.1,4.2,4340.0,Yes,No,0
C100045,Hyderabad,ASUS,Basic,37,2,2,40,2.7,6.1,3918.0,Yes,No,0
C100046,Pune,ASUS,Basic,37,5,0,74,4.5,15.3,8943.0,No,No,0
C100047,Chennai,ASUS,Standard,41,0,5,67,3.0,5.3,6533.0,No,No,0
C100048,Pune,Lenovo,Basic,5,2,1,74,3.9,21.1,2960.0,Yes,Yes,0
C100049,Delhi,HP,Premium,8,1,2,1,2.1,,8669.0,No,No,0
C100050,Delhi,ASUS,Premium,44,0,0,94,,19.9,3978.0,Yes,No,0
C100051,Delhi,HP,Basic,45,0,1,63,2.4,19.6,4856.0,No,No,0
C100052,Bengaluru,Lenovo,Basic,35,4,0,114,3.1,21.9,6505.0,Yes,No,0
C100053,Chennai,Dell,Basic,6,3,1,23,5.0,23.0,1057.0,Yes,Yes,0
C100054,Chennai,Acer,Standard,4,1,3,1,4.3,14.6,4350.0,Yes,No,0
C100055,Chennai,Acer,Basic,3,6,2,45,3.4,19.8,3711.0,No,No,0
C100056,Hyderabad,Dell,Premium,34,2,5,37,5.0,20.4,5190.0,Yes,Yes,0
C100057,Mumbai,HP,Standard,41,3,5,63,2.7,1.0,5503.0,No,No,0
C100058,Hyderabad,Lenovo,Premium,31,1,2,75,4.5,24.5,,No,Yes,0
C100059,Delhi,Lenovo,Standard,13,0,3,43,2.1,19.5,4565.0,No,No,0
C100060,Delhi,ASUS,Premium,37,2,1,38,3.3,23.6,6824.0,No,No,1
C100061,Pune,HP,Basic,3,1,2,60,2.3,5.1,5373.0,Yes,No,1
C100062,Delhi,ASUS,Standard,40,0,3,38,3.7,14.8,4879.0,Yes,Yes,0
C100063,Chennai,Lenovo,Basic,43,3,4,35,3.6,7.1,5081.0,Yes,Yes,0
C100064,Pune,ASUS,Premium,35,1,0,74,3.2,25.4,8288.0,No,Yes,0
C100065,Chennai,HP,Standard,43,2,2,80,4.5,3.9,5128.0,Yes,No,0
C100066,Bengaluru,Dell,Premium,29,5,2,75,3.0,8.7,3823.0,No,No,0
C100067,Pune,Dell,Basic,23,0,5,40,3.8,23.3,1173.0,No,No,0
C100068,Chennai,HP,Premium,16,0,1,1,4.2,11.7,2076.0,No,No,0
C100069,Hyderabad,ASUS,Standard,45,0,3,41,2.2,8.7,3913.0,No,Yes,0
C100070,Chennai,Dell,Standard,34,4,3,24,2.8,27.1,4594.0,Yes,Yes,0
C100071,Delhi,HP,Premium,10,2,1,41,3.5,27.5,3744.0,Yes,No,0
C100072,Bengaluru,Dell,Standard,46,1,1,26,4.1,25.2,5467.0,No,No,0
C100073,Chennai,ASUS,Standard,3,4,2,44,4.8,26.5,3720.0,Yes,Yes,0
C100074,Hyderabad,Acer,Standard,29,2,3,16,3.3,15.7,3062.0,No,No,1
C100075,Delhi,Acer,Basic,10,3,2,9,3.2,16.0,5964.0,No,No,0
C100076,Chennai,Acer,Basic,32,1,0,79,2.7,11.5,7402.0,Yes,Yes,0
C100077,Bengaluru,Acer,Basic,20,1,1,18,3.8,19.7,2696.0,Yes,Yes,0
C100078,Bengaluru,Acer,Basic,21,2,4,45,,12.7,5263.0,Yes,No,0
C100079,Mumbai,Dell,Premium,33,4,2,72,3.3,13.7,1180.0,Yes,Yes,0
C100080,Delhi,ASUS,Standard,37,1,1,71,3.4,24.0,1998.0,No,No,0
C100081,Pune,Acer,Basic,19,5,0,67,4.0,29.8,3681.0,No,No,1
C100082,Chennai,Acer,Standard,48,2,0,53,3.0,22.0,6956.0,Yes,No,0
C100083,Hyderabad,HP,Standard,24,1,0,65,2.8,35.9,3320.0,No,No,0
C100084,Delhi,ASUS,Standard,8,2,2,83,3.9,10.9,3249.0,Yes,Yes,0
C100085,Mumbai,HP,Premium,1,0,5,57,1.0,1.0,4869.0,No,No,1
C100086,Delhi,Dell,Premium,10,1,5,1,3.0,25.1,4870.0,No,Yes,0
C100087,Hyderabad,ASUS,Standard,34,2,1,30,2.5,10.3,3308.0,Yes,No,0
C100088,Bengaluru,HP,Basic,26,3,0,64,4.6,15.3,8574.0,No,No,0
C100089,Delhi,Dell,Standard,17,6,1,27,3.1,1.0,4296.0,No,No,0
C100090,Delhi,Acer,Standard,24,2,1,90,3.0,9.0,5016.0,Yes,No,1
C100091,Chennai,HP,Standard,41,1,3,43,3.5,3.0,4037.0,Yes,Yes,0
C100092,Delhi,ASUS,Standard,28,1,0,47,3.0,13.7,5636.0,No,No,0
C100093,Pune,Lenovo,Standard,3,2,0,76,3.1,14.1,7146.0,Yes,No,0
C100094,Chennai,Dell,Basic,3,1,4,40,3.6,18.9,7961.0,Yes,Yes,0
C100095,Pune,ASUS,Basic,24,2,0,50,,30.4,3352.0,Yes,Yes,0
C100096,Bengaluru,Lenovo,Basic,20,4,2,70,3.1,24.8,6892.0,No,No,1
C100097,Bengaluru,HP,Basic,41,2,2,4,2.6,1.8,5844.0,Yes,No,0
C100098,Delhi,Acer,Basic,28,2,1,37,2.5,24.1,6652.0,No,Yes,0
C100099,Mumbai,Lenovo,Standard,37,2,0,68,3.6,19.1,4625.0,Yes,Yes,0
C100100,Hyderabad,Dell,Standard,29,0,1,47,3.8,17.0,4445.0,Yes,No,0
C100101,Delhi,Acer,Basic,17,0,0,86,2.2,17.8,6578.0,No,No,0
C100102,Bengaluru,Lenovo,Standard,32,1,4,1,4.2,20.0,6614.0,Yes,No,0
C100103,Delhi,Acer,Standard,30,4,0,1,4.2,11.1,7775.0,No,Yes,0
C100104,Hyderabad,ASUS,Basic,35,0,3,67,4.4,16.2,5177.0,Yes,No,0
C100105,Delhi,Acer,Premium,10,1,2,69,3.8,29.8,,No,No,0
C100106,Delhi,Acer,Premium,31,0,2,40,4.1,11.0,800.0,Yes,No,0
C100107,Delhi,HP,Standard,14,1,1,56,5.0,7.7,1739.0,No,No,0
C100108,Mumbai,HP,Standard,38,5,2,66,,17.4,4051.0,Yes,No,0
C100109,Chennai,Lenovo,Basic,39,2,2,22,2.6,6.7,2708.0,No,No,0
C100110,Delhi,ASUS,Premium,30,2,0,25,2.1,1.0,6347.0,Yes,Yes,0
C100111,Bengaluru,Lenovo,Standard,46,1,1,50,5.0,14.6,2311.0,Yes,Yes,0
C100112,Delhi,HP,Premium,26,3,4,70,5.0,32.5,3848.0,No,Yes,0
C100113,Mumbai,Acer,Standard,2,3,2,12,2.7,17.6,3922.0,Yes,Yes,0
C100114,Chennai,ASUS,Basic,30,0,1,39,2.8,19.8,7089.0,Yes,No,0
C100115,Mumbai,ASUS,Basic,38,5,2,38,3.2,1.0,3644.0,No,Yes,1
C100116,Mumbai,HP,Standard,5,0,1,57,4.6,22.4,5660.0,No,No,0
C100117,Hyderabad,Acer,Standard,6,1,4,45,2.3,18.9,5172.0,No,Yes,0
C100118,Hyderabad,Lenovo,Basic,14,2,3,30,1.7,11.4,6516.0,No,No,0
C100119,Bengaluru,Lenovo,Standard,41,4,1,80,5.0,19.8,6415.0,Yes,No,1
C100120,Hyderabad,HP,Premium,26,3,4,30,3.8,19.7,4736.0,Yes,Yes,0
C100121,Chennai,Dell,Standard,47,3,1,37,3.9,7.4,1577.0,No,No,0
C100122,Delhi,HP,Standard,42,2,1,1,3.3,21.3,4360.0,Yes,No,0
C100123,Mumbai,Lenovo,Basic,27,2,0,25,3.9,,4762.0,Yes,No,0
C100124,Chennai,ASUS,Standard,33,1,1,59,2.1,15.7,5343.0,Yes,No,0
C100125,Pune,ASUS,Basic,16,4,1,54,2.7,9.3,3399.0,Yes,No,0
C100126,Mumbai,Dell,Premium,5,2,1,62,3.6,16.2,6968.0,Yes,No,0
C100127,Hyderabad,Acer,Basic,20,4,2,60,1.5,26.5,4826.0,Yes,No,1
C100128,Delhi,Dell,Standard,29,1,0,103,3.2,5.7,3051.0,No,Yes,1
C100129,Mumbai,Acer,Basic,9,1,4,24,3.2,23.8,3929.0,No,Yes,0
C100130,Mumbai,HP,Basic,11,2,3,1,3.2,11.2,8464.0,No,No,0
C100131,Mumbai,Lenovo,Standard,1,0,2,16,3.0,20.4,6062.0,Yes,No,1
C100132,Mumbai,Acer,Standard,36,2,4,25,2.6,12.4,,Yes,No,0
C100133,Hyderabad,Lenovo,Standard,44,6,2,18,1.9,12.3,2821.0,No,No,0
C100134,Mumbai,ASUS,Premium,40,1,2,48,3.6,33.2,3491.0,Yes,No,0
C100135,Delhi,Lenovo,Premium,19,1,1,80,3.2,3.9,3505.0,Yes,Yes,0
C100136,Bengaluru,ASUS,Premium,29,1,1,88,2.3,22.9,5150.0,No,No,0
C100137,Mumbai,Acer,Basic,47,1,2,59,3.6,35.3,4469.0,No,No,0
C100138,Hyderabad,HP,Standard,29,2,3,105,3.2,24.9,3870.0,Yes,No,0
C100139,Chennai,Acer,Premium,15,4,3,35,3.1,4.7,4108.0,No,Yes,0
C100140,Chennai,Lenovo,Basic,17,1,5,1,1.6,5.2,3291.0,No,Yes,1
C100141,Pune,Lenovo,Basic,35,0,4,74,4.1,10.5,4458.0,No,No,0
C100142,Bengaluru,Dell,Premium,22,6,1,1,2.4,19.6,6915.0,Yes,No,0
C100143,Bengaluru,Dell,Standard,41,0,4,24,3.6,20.3,1925.0,No,No,0
C100144,Chennai,Lenovo,Standard,42,2,1,60,2.8,5.3,5458.0,No,Yes,0
C100145,Pune,Dell,Premium,2,0,1,42,3.2,,7422.0,Yes,No,0
C100146,Pune,ASUS,Standard,35,2,3,40,4.5,9.9,4452.0,No,No,0
C100147,Hyderabad,ASUS,Standard,18,0,1,12,4.0,16.2,3795.0,No,No,0
C100148,Bengaluru,Acer,Basic,25,2,0,45,4.5,37.8,6556.0,Yes,No,0
C100149,Delhi,Acer,Standard,13,4,3,73,3.8,8.7,2930.0,Yes,No,0
C100150,Hyderabad,Lenovo,Basic,18,1,2,46,3.9,8.2,4757.0,Yes,No,0
C100151,Pune,Dell,Standard,16,0,0,22,1.9,6.7,2824.0,No,No,0
C100152,Bengaluru,HP,Premium,3,4,1,10,3.2,24.4,1247.0,Yes,No,1
C100153,Pune,Lenovo,Basic,38,3,1,22,3.3,17.6,4511.0,No,Yes,0
C100154,Bengaluru,ASUS,Basic,7,3,2,56,4.6,9.0,2400.0,Yes,No,0
C100155,Chennai,HP,Premium,19,1,4,55,3.0,14.4,4778.0,No,No,0
C100156,Mumbai,Lenovo,Basic,10,3,3,23,3.7,10.1,6919.0,No,No,0
C100157,Hyderabad,HP,Standard,8,2,1,1,3.7,21.0,8323.0,No,No,0
C100158,Mumbai,Dell,Standard,18,6,3,57,4.5,44.8,4978.0,No,No,1
C100159,Mumbai,Dell,Standard,45,5,0,20,3.4,23.5,6737.0,Yes,Yes,0
C100160,Delhi,HP,Basic,46,2,1,64,4.2,17.1,5558.0,Yes,Yes,0
C100161,Pune,Dell,Standard,19,2,3,24,2.0,11.4,4072.0,No,Yes,1
C100162,Mumbai,Dell,Basic,25,5,1,17,2.0,4.6,1143.0,Yes,Yes,1
C100163,Chennai,HP,Standard,48,1,2,49,1.4,25.3,7890.0,No,Yes,1
C100164,Chennai,HP,Basic,12,4,1,111,4.2,24.8,2807.0,No,No,0
C100165,Chennai,Lenovo,Standard,46,7,1,66,4.1,13.3,7427.0,No,Yes,0
C100166,Delhi,Dell,Standard,6,1,0,49,4.3,30.1,5820.0,Yes,No,0
C100167,Bengaluru,HP,Basic,11,4,1,55,2.9,18.2,2946.0,No,No,1
C100168,Bengaluru,Lenovo,Basic,17,2,0,1,3.0,25.7,5393.0,Yes,Yes,1
C100169,Chennai,ASUS,Basic,2,0,1,14,3.4,21.0,8853.0,No,No,0
C100170,Hyderabad,Acer,Basic,40,2,2,1,4.8,16.2,7718.0,No,No,0
C100171,Hyderabad,ASUS,Basic,42,0,1,93,5.0,8.5,3826.0,No,No,0
C100172,Hyderabad,HP,Premium,19,0,3,88,4.2,16.5,3447.0,No,No,1
C100173,Delhi,Lenovo,Standard,41,1,3,56,3.8,,4990.0,Yes,No,1
C100174,Delhi,Lenovo,Premium,38,3,5,49,4.7,12.9,4486.0,No,Yes,0
C100175,Delhi,ASUS,Premium,39,1,3,2,3.3,22.4,7080.0,No,No,1
C100176,Chennai,ASUS,Basic,39,3,3,39,3.1,7.2,6205.0,Yes,Yes,0
C100177,Delhi,ASUS,Standard,28,2,3,95,3.4,25.8,,No,No,0
C100178,Hyderabad,Acer,Premium,6,2,3,49,2.6,21.1,5671.0,No,Yes,0
C100179,Pune,Lenovo,Standard,45,3,1,29,3.3,6.0,4460.0,No,No,0
C100180,Mumbai,Lenovo,Standard,30,3,3,1,2.5,15.8,4871.0,No,No,0
C100181,Pune,ASUS,Standard,44,4,2,84,4.4,27.3,5273.0,Yes,Yes,0
C100182,Hyderabad,HP,Basic,47,4,2,43,4.0,5.4,7078.0,No,Yes,0
C100183,Chennai,HP,Standard,9,3,2,1,4.8,7.3,6658.0,Yes,Yes,0
C100184,Delhi,ASUS,Premium,20,2,2,19,2.0,17.3,3375.0,No,No,0
C100185,Chennai,HP,Premium,10,2,0,9,5.0,39.3,4689.0,Yes,No,0
C100186,Chennai,HP,Basic,3,1,0,41,2.1,11.3,3948.0,No,Yes,0
C100187,Hyderabad,Lenovo,Standard,47,6,3,51,,23.0,1604.0,Yes,No,1
C100188,Chennai,HP,Basic,45,2,1,31,2.9,20.6,4592.0,Yes,Yes,0
C100189,Bengaluru,ASUS,Premium,45,3,1,67,4.7,12.1,8305.0,Yes,No,0
C100190,Bengaluru,ASUS,Basic,43,0,1,47,3.7,19.6,1547.0,No,No,0
C100191,Delhi,HP,Premium,32,5,3,75,3.3,13.5,4754.0,Yes,No,0
C100192,Mumbai,Lenovo,Premium,26,1,4,35,2.8,14.4,4693.0,Yes,No,0
C100193,Mumbai,ASUS,Basic,48,2,2,130,2.3,1.4,5347.0,Yes,Yes,0
C100194,Chennai,Acer,Basic,27,1,0,29,4.5,17.8,2971.0,Yes,Yes,0
C100195,Pune,HP,Premium,31,1,1,20,4.2,27.0,2092.0,No,No,0
C100196,Hyderabad,Lenovo,Basic,11,4,1,16,4.7,18.6,2181.0,No,Yes,0
C100197,Chennai,Acer,Standard,36,2,1,39,3.9,28.9,7329.0,Yes,Yes,0
C100198,Hyderabad,Acer,Premium,40,3,2,1,1.1,23.8,2933.0,Yes,Yes,0
C100199,Chennai,Dell,Standard,33,5,3,53,2.4,17.4,3851.0,Yes,No,0
C100200,Pune,HP,Standard,24,2,0,1,3.9,11.7,8799.0,Yes,No,0
C100201,Chennai,ASUS,Standard,10,4,0,50,3.2,13.1,3405.0,Yes,No,0
C100202,Pune,HP,Basic,2,3,3,7,3.0,3.3,5451.0,Yes,No,0
C100203,Chennai,HP,Premium,31,1,2,34,2.5,15.3,6821.0,Yes,Yes,0
C100204,Delhi,HP,Basic,33,2,1,62,4.4,19.5,6730.0,Yes,No,0
C100205,Chennai,Dell,Basic,38,2,3,110,3.9,35.2,2270.0,No,No,1
C100206,Bengaluru,Dell,Basic,46,2,3,15,4.0,23.3,3445.0,Yes,Yes,0
C100207,Delhi,HP,Premium,24,1,2,41,2.9,9.4,,No,No,0
C100208,Pune,ASUS,Basic,40,1,1,25,3.7,3.6,8465.0,No,No,0
C100209,Bengaluru,Dell,Premium,35,0,2,21,2.3,15.9,3353.0,No,No,0
C100210,Delhi,HP,Standard,14,1,1,25,3.4,26.1,3862.0,Yes,No,0
C100211,Bengaluru,Dell,Premium,41,1,0,68,1.2,15.8,5597.0,No,No,0
C100212,Delhi,Lenovo,Premium,3,4,0,31,2.1,23.4,5977.0,No,No,0
C100213,Delhi,HP,Premium,29,1,0,108,3.2,16.2,6092.0,No,No,0
C100214,Chennai,Acer,Premium,46,1,3,57,5.0,25.2,3192.0,No,No,1
C100215,Delhi,Lenovo,Basic,32,3,1,17,1.9,2.0,3789.0,Yes,No,0
C100216,Bengaluru,Acer,Standard,45,3,2,35,2.4,34.0,5209.0,No,No,0
C100217,Hyderabad,Acer,Standard,3,2,3,23,3.7,6.9,7198.0,No,Yes,0
C100218,Hyderabad,Lenovo,Standard,26,2,0,67,5.0,25.9,4347.0,Yes,No,0
C100219,Chennai,ASUS,Premium,38,1,1,1,3.7,15.3,4758.0,Yes,No,0
C100220,Pune,Lenovo,Premium,31,0,4,7,4.1,16.8,2851.0,No,No,0
C100221,Hyderabad,ASUS,Standard,43,3,2,28,3.2,15.6,8340.0,Yes,No,0
C100222,Chennai,ASUS,Standard,23,0,0,64,3.0,20.6,5093.0,No,No,0
C100223,Delhi,Lenovo,Standard,33,1,2,80,3.6,22.6,6848.0,Yes,No,0
C100224,Bengaluru,Acer,Standard,21,3,1,84,2.9,28.6,4857.0,No,No,0
C100225,Delhi,HP,Basic,42,0,1,60,4.2,32.1,4962.0,Yes,Yes,0
C100226,Bengaluru,ASUS,Standard,6,0,0,43,2.1,21.3,1949.0,No,No,1
C100227,Delhi,Acer,Basic,13,2,2,67,4.3,35.1,800.0,No,No,0
C100228,Mumbai,ASUS,Basic,5,2,0,13,3.5,18.9,7179.0,No,Yes,0
C100229,Mumbai,HP,Standard,34,1,1,1,3.3,28.8,4948.0,Yes,Yes,0
C100230,Bengaluru,Acer,Standard,12,6,0,57,2.0,22.3,5192.0,Yes,No,0
C100231,Chennai,Lenovo,Premium,16,7,1,17,2.6,12.5,2427.0,Yes,No,0
C100232,Pune,Dell,Standard,41,5,3,43,4.6,19.8,3084.0,Yes,No,0
C100233,Hyderabad,Dell,Basic,18,6,3,48,3.3,23.0,6818.0,No,Yes,0
C100234,Delhi,Lenovo,Basic,7,4,2,52,3.8,17.7,8106.0,Yes,No,0
C100235,Chennai,HP,Basic,2,1,0,71,,22.1,3620.0,Yes,Yes,1
C100236,Delhi,Dell,Premium,11,2,3,68,3.5,26.7,6076.0,No,Yes,0
C100237,Mumbai,Lenovo,Basic,44,3,2,50,2.3,17.8,5161.0,Yes,No,0
C100238,Chennai,Acer,Standard,27,1,3,33,3.6,1.0,4571.0,Yes,No,0
C100239,Bengaluru,HP,Premium,48,3,2,48,3.8,34.8,8319.0,No,No,0
C100240,Mumbai,ASUS,Premium,11,1,0,28,3.8,15.0,3939.0,Yes,Yes,0
C100241,Hyderabad,Acer,Basic,17,2,1,39,2.7,9.8,7157.0,No,Yes,0
C100242,Mumbai,Lenovo,Basic,8,2,2,118,3.2,6.8,5525.0,No,No,1
C100243,Hyderabad,ASUS,Basic,20,1,1,50,4.0,14.6,4768.0,Yes,Yes,0
C100244,Mumbai,Lenovo,Basic,28,3,5,58,3.3,12.4,7407.0,No,Yes,1
C100245,Mumbai,Dell,Basic,39,7,0,25,3.2,10.6,5351.0,No,Yes,0
C100246,Hyderabad,Dell,Standard,18,0,1,74,5.0,11.2,4617.0,Yes,Yes,0
C100247,Delhi,ASUS,Premium,38,2,1,66,2.6,23.3,7421.0,No,No,0
C100248,Chennai,ASUS,Standard,31,3,4,66,4.5,38.3,7174.0,Yes,Yes,0
C100249,Delhi,Acer,Standard,15,3,0,51,2.5,26.2,7084.0,No,No,0
C100250,Hyderabad,Dell,Basic,44,2,2,74,4.1,29.2,800.0,No,No,0
C100251,Bengaluru,HP,Premium,21,0,2,81,4.1,14.2,5636.0,Yes,No,0
C100252,Chennai,Dell,Standard,8,1,1,53,3.0,19.0,5203.0,Yes,No,0
C100253,Bengaluru,Dell,Premium,47,4,5,42,2.4,22.3,4734.0,Yes,No,0
C100254,Bengaluru,HP,Premium,44,0,3,70,1.7,11.4,5959.0,No,No,1
C100255,Mumbai,Lenovo,Basic,3,1,2,20,2.9,13.7,5295.0,No,Yes,0
C100256,Hyderabad,Dell,Basic,44,1,1,25,4.0,26.5,6088.0,Yes,No,0
C100257,Delhi,ASUS,Basic,46,1,2,44,2.5,28.9,4291.0,Yes,Yes,0
C100258,Hyderabad,Lenovo,Standard,40,4,2,1,3.6,18.7,7647.0,No,No,0
C100259,Bengaluru,HP,Premium,13,1,2,68,2.2,6.0,6280.0,Yes,No,0
C100260,Mumbai,Lenovo,Basic,31,2,1,18,3.3,15.0,5831.0,Yes,Yes,0
C100261,Delhi,Acer,Standard,26,4,5,32,2.5,3.6,5738.0,Yes,Yes,1
C100262,Bengaluru,HP,Standard,30,1,2,39,3.4,18.8,6999.0,No,Yes,1
C100263,Bengaluru,Dell,Basic,30,2,0,46,3.0,20.6,6741.0,Yes,Yes,0
C100264,Pune,Dell,Basic,31,3,0,35,2.4,15.3,4586.0,No,No,0
C100265,Pune,ASUS,Standard,25,3,3,43,2.9,20.4,,No,Yes,0
C100266,Mumbai,Dell,Standard,34,2,3,43,2.7,22.2,,Yes,No,0
C100267,Chennai,Acer,Standard,26,3,1,32,2.3,20.6,8442.0,No,No,0
C100268,Chennai,HP,Basic,1,5,2,23,4.5,6.0,6886.0,Yes,Yes,0
C100269,Mumbai,Acer,Standard,2,1,4,75,3.2,15.5,3611.0,Yes,Yes,1
C100270,Mumbai,Dell,Basic,46,2,3,1,1.5,22.1,9228.0,No,No,0
C100271,Bengaluru,ASUS,Premium,44,2,0,39,2.9,,806.0,Yes,No,0
C100272,Hyderabad,Acer,Basic,29,3,4,32,4.3,15.3,6011.0,No,No,0
C100273,Hyderabad,Lenovo,Basic,9,1,1,57,2.8,23.5,3477.0,No,Yes,0
C100274,Pune,HP,Standard,38,3,0,4,4.8,26.8,8376.0,Yes,No,0
C100275,Chennai,ASUS,Standard,7,2,1,31,2.7,16.0,5280.0,No,No,0
C100276,Chennai,HP,Standard,19,2,1,42,4.0,29.5,3292.0,No,Yes,0
C100277,Chennai,Lenovo,Standard,16,1,2,75,4.4,30.0,4294.0,Yes,No,1
C100278,Delhi,HP,Premium,1,2,1,54,3.9,31.8,3444.0,No,No,0
C100279,Hyderabad,HP,Standard,39,1,0,12,2.3,22.6,4219.0,No,No,0
C100280,Hyderabad,Lenovo,Standard,25,4,0,31,2.7,41.6,4176.0,Yes,Yes,1
C100281,Bengaluru,Dell,Standard,16,1,1,70,4.6,11.8,3373.0,Yes,No,0
C100282,Chennai,Dell,Basic,25,4,2,11,2.8,39.2,5313.0,Yes,Yes,0
C100283,Delhi,HP,Standard,1,4,1,43,4.4,25.7,5543.0,Yes,No,0
C100284,Chennai,Dell,Basic,21,2,2,45,3.1,31.4,2907.0,Yes,Yes,0
C100285,Chennai,Lenovo,Standard,25,1,3,34,3.6,14.8,1649.0,No,No,0
C100286,Pune,ASUS,Basic,17,4,1,120,2.3,26.4,5391.0,No,No,0
C100287,Hyderabad,Dell,Premium,40,5,0,33,3.0,32.3,5811.0,No,No,0
C100288,Mumbai,Dell,Standard,12,3,0,58,2.7,7.1,6187.0,Yes,No,0
C100289,Mumbai,Dell,Premium,7,3,3,24,3.7,16.4,5847.0,Yes,Yes,0
C100290,Chennai,Lenovo,Standard,26,2,3,60,3.6,1.0,7788.0,Yes,Yes,0
C100291,Delhi,HP,Basic,43,2,4,69,3.9,16.2,6694.0,Yes,No,1
C100292,Bengaluru,Lenovo,Premium,19,2,1,29,3.1,9.8,9892.0,No,Yes,0
C100293,Pune,Dell,Standard,3,4,1,43,2.7,15.8,10691.0,Yes,Yes,0
C100294,Bengaluru,HP,Standard,47,2,5,20,3.7,47.2,,No,No,1
C100295,Mumbai,Lenovo,Standard,22,2,1,13,2.6,35.2,800.0,Yes,No,0
C100296,Mumbai,Lenovo,Standard,9,0,2,74,4.5,3.6,4786.0,No,Yes,0
C100297,Pune,Lenovo,Premium,30,1,0,29,3.4,23.6,5758.0,No,No,0
C100298,Chennai,Acer,Standard,16,1,1,1,3.2,26.0,4656.0,No,No,0
C100299,Bengaluru,Lenovo,Basic,46,2,1,94,3.9,14.6,6137.0,No,No,0
C100300,Hyderabad,ASUS,Standard,15,2,3,23,3.4,19.8,4287.0,No,Yes,0
C100301,Chennai,Lenovo,Standard,27,3,3,38,2.0,20.8,3481.0,No,No,0
C100302,Delhi,HP,Premium,27,3,5,91,2.5,4.5,3769.0,Yes,No,0
C100303,Hyderabad,HP,Basic,12,2,5,41,4.5,7.7,4420.0,Yes,Yes,0
C100304,Pune,HP,Standard,24,2,4,40,3.6,19.7,6403.0,No,No,1
C100305,Mumbai,Lenovo,Premium,6,0,3,11,2.0,19.0,3875.0,Yes,No,0
C100306,Hyderabad,HP,Standard,31,1,2,1,3.8,10.9,4251.0,No,No,0
C100307,Bengaluru,ASUS,Standard,37,1,2,40,3.0,10.1,5883.0,Yes,Yes,0
C100308,Mumbai,Lenovo,Standard,46,2,3,55,2.7,17.1,4422.0,No,No,1
C100309,Bengaluru,ASUS,Basic,16,1,0,54,2.5,26.9,6922.0,Yes,Yes,0
C100310,Hyderabad,Acer,Standard,14,1,0,32,4.4,17.2,3053.0,No,Yes,0
C100311,Mumbai,HP,Basic,27,1,1,46,1.7,34.2,2641.0,Yes,Yes,0
C100312,Delhi,HP,Basic,34,1,2,1,2.7,11.0,5379.0,Yes,No,0
C100313,Hyderabad,Acer,Standard,48,2,4,58,3.6,19.9,5568.0,No,Yes,0
C100314,Bengaluru,HP,Standard,2,1,0,50,4.9,14.5,3157.0,Yes,No,0
C100315,Bengaluru,HP,Premium,12,1,0,100,4.0,23.9,7353.0,Yes,No,1
C100316,Mumbai,ASUS,Basic,13,4,3,45,2.7,10.2,8457.0,No,Yes,0
C100317,Delhi,Lenovo,Basic,13,1,0,19,4.9,37.3,3607.0,No,No,1
C100318,Delhi,Dell,Premium,23,0,3,44,2.3,,7626.0,Yes,No,0
C100319,Pune,Lenovo,Basic,42,0,1,36,3.7,35.2,800.0,No,Yes,0
C100320,Delhi,Lenovo,Basic,2,2,1,57,3.9,18.9,6845.0,Yes,No,0
C100321,Bengaluru,ASUS,Basic,40,3,2,46,2.7,23.5,3170.0,Yes,No,0
C100322,Hyderabad,Acer,Standard,30,1,1,10,4.1,31.3,6655.0,No,No,0
C100323,Mumbai,Dell,Premium,30,1,1,1,3.0,26.6,2974.0,Yes,No,0
C100324,Pune,Dell,Standard,33,1,2,52,4.1,10.7,4670.0,Yes,No,0
C100325,Pune,Acer,Standard,6,1,3,84,1.8,24.0,3261.0,Yes,No,1
C100326,Bengaluru,Dell,Basic,36,1,1,47,3.8,36.7,4394.0,No,Yes,0
C100327,Bengaluru,HP,Basic,12,2,2,68,3.1,9.1,8277.0,No,Yes,0
C100328,Hyderabad,Dell,Standard,25,1,3,73,,39.2,4595.0,Yes,No,0
C100329,Hyderabad,Dell,Basic,33,2,3,52,3.5,21.9,8810.0,No,No,0
C100330,Mumbai,ASUS,Basic,29,5,5,22,,13.7,4067.0,No,Yes,1
C100331,Mumbai,Dell,Basic,16,3,2,50,4.0,9.1,7634.0,Yes,Yes,0
C100332,Chennai,Dell,Basic,20,2,3,79,3.4,15.8,1711.0,No,No,0
C100333,Bengaluru,ASUS,Standard,23,2,1,60,4.2,1.0,4256.0,Yes,No,0
C100334,Delhi,Dell,Standard,2,3,2,66,4.2,13.8,3781.0,Yes,Yes,0
C100335,Chennai,ASUS,Basic,35,2,1,32,3.9,15.4,7722.0,Yes,Yes,0
C100336,Delhi,Dell,Standard,5,1,2,39,1.4,7.3,5152.0,Yes,Yes,0
C100337,Pune,Dell,Standard,23,1,1,42,2.6,25.5,833.0,No,Yes,0
C100338,Bengaluru,Dell,Standard,32,5,3,44,4.7,15.8,2311.0,No,No,0
C100339,Bengaluru,Acer,Premium,4,3,1,78,2.4,11.6,2876.0,No,Yes,1
C100340,Pune,Acer,Standard,48,3,2,1,4.3,14.7,6575.0,Yes,No,0
C100341,Mumbai,Lenovo,Premium,19,1,2,46,4.1,21.6,6330.0,Yes,Yes,0
C100342,Bengaluru,HP,Basic,1,4,1,43,2.8,18.7,4229.0,Yes,Yes,0
C100343,Mumbai,Dell,Basic,32,2,0,7,1.7,11.0,3758.0,Yes,No,0
C100344,Mumbai,Lenovo,Basic,27,1,3,64,3.0,19.3,6161.0,No,No,1
C100345,Pune,HP,Standard,31,3,2,25,5.0,17.5,2654.0,No,Yes,0
C100346,Bengaluru,Lenovo,Standard,37,2,2,35,2.7,6.6,5670.0,No,Yes,0
C100347,Pune,Acer,Basic,23,4,0,97,2.8,15.1,5508.0,No,No,0
C100348,Pune,ASUS,Standard,40,1,1,73,2.6,23.8,4278.0,Yes,No,1
C100349,Bengaluru,Lenovo,Basic,18,1,0,61,4.6,23.7,5556.0,Yes,No,0
C100350,Hyderabad,Dell,Basic,27,3,2,56,3.3,15.7,4994.0,Yes,No,0
C100351,Mumbai,HP,Basic,8,3,2,40,2.9,24.8,5745.0,No,No,0
C100352,Hyderabad,ASUS,Standard,30,3,2,101,4.8,8.2,2265.0,Yes,No,0
C100353,Bengaluru,Lenovo,Basic,13,2,2,67,4.0,8.5,5968.0,Yes,No,0
C100354,Chennai,Acer,Basic,34,4,5,24,2.7,15.5,6751.0,No,No,1
C100355,Pune,Lenovo,Basic,39,4,3,6,2.4,33.0,5410.0,Yes,No,0
C100356,Pune,Dell,Standard,42,3,4,61,4.5,19.6,5942.0,No,No,0
C100357,Hyderabad,ASUS,Premium,45,5,0,43,3.5,15.2,4591.0,Yes,No,0
C100358,Pune,Acer,Standard,6,5,2,5,2.1,33.4,6494.0,No,Yes,0
C100359,Hyderabad,ASUS,Standard,7,3,2,57,1.9,15.1,4924.0,Yes,No,1
C100360,Delhi,ASUS,Premium,45,4,1,37,2.5,40.3,2619.0,No,Yes,0
C100361,Pune,HP,Premium,19,1,4,60,2.4,12.9,6358.0,No,No,0
C100362,Pune,HP,Standard,2,2,0,57,1.7,7.9,1695.0,Yes,Yes,0
C100363,Bengaluru,HP,Premium,14,0,0,28,2.5,16.3,5337.0,No,Yes,0
C100364,Pune,ASUS,Premium,41,3,3,63,2.7,15.5,4070.0,No,Yes,0
C100365,Hyderabad,Lenovo,Standard,18,3,2,31,3.1,9.9,3949.0,No,Yes,0
C100366,Mumbai,Lenovo,Standard,4,0,2,33,5.0,44.0,5127.0,No,Yes,0
C100367,Chennai,ASUS,Basic,35,1,1,30,3.3,21.2,3452.0,No,Yes,0
C100368,Bengaluru,Acer,Basic,10,1,4,77,3.3,22.6,5773.0,Yes,No,1
C100369,Hyderabad,ASUS,Standard,17,3,2,37,4.0,13.4,4908.0,Yes,No,0
C100370,Delhi,ASUS,Standard,1,2,3,83,3.3,12.2,3627.0,Yes,No,0
C100371,Chennai,Dell,Standard,29,2,2,95,3.9,28.3,7343.0,No,No,0
C100372,Mumbai,HP,Standard,22,5,1,24,3.8,1.2,5189.0,No,Yes,0
C100373,Chennai,Acer,Standard,42,5,2,1,3.6,6.6,5999.0,No,No,0
C100374,Chennai,ASUS,Premium,17,4,4,74,5.0,15.5,7492.0,Yes,No,0
C100375,Pune,Dell,Basic,10,1,0,35,4.3,31.5,7460.0,No,No,0
C100376,Hyderabad,HP,Basic,8,1,2,21,2.5,14.3,5902.0,No,No,0
C100377,Delhi,Lenovo,Standard,10,3,2,29,3.8,22.2,4225.0,Yes,No,0
C100378,Delhi,Acer,Premium,22,1,4,33,2.8,18.3,2084.0,No,No,1
C100379,Chennai,Dell,Premium,5,2,1,81,3.9,31.0,5193.0,Yes,No,0
C100380,Bengaluru,Acer,Premium,20,2,2,49,2.3,2.2,6880.0,No,No,1
C100381,Hyderabad,HP,Premium,42,3,0,81,2.5,25.4,5473.0,Yes,Yes,0
C100382,Pune,HP,Basic,37,0,1,59,3.8,16.0,800.0,No,No,0
C100383,Pune,Lenovo,Standard,31,1,2,36,4.4,27.2,6453.0,Yes,No,0
C100384,Bengaluru,Lenovo,Basic,43,3,2,34,4.0,9.8,6570.0,Yes,Yes,0
C100385,Hyderabad,Acer,Standard,38,1,2,61,4.3,18.2,4228.0,No,No,0
C100386,Hyderabad,HP,Premium,32,1,2,68,3.8,17.0,6678.0,No,No,0
C100387,Hyderabad,ASUS,Basic,42,3,0,73,3.7,8.0,5993.0,Yes,No,0
C100388,Delhi,Dell,Standard,6,1,1,38,3.0,5.2,3498.0,Yes,Yes,0
C100389,Pune,ASUS,Basic,40,3,1,50,4.2,12.2,7215.0,No,No,0
C100390,Hyderabad,Dell,Basic,15,3,1,61,4.4,19.3,2392.0,No,No,0
C100391,Delhi,Acer,Basic,36,2,4,34,3.4,10.4,4691.0,Yes,Yes,0
C100392,Bengaluru,HP,Basic,44,1,2,13,3.4,14.7,4502.0,Yes,No,0
C100393,Chennai,HP,Premium,24,5,2,22,4.9,1.0,3232.0,Yes,No,0
C100394,Mumbai,Dell,Standard,5,2,1,38,3.5,14.3,5377.0,No,Yes,0
C100395,Delhi,Acer,Premium,18,1,0,64,3.6,28.2,7290.0,No,No,0
C100396,Pune,Dell,Standard,20,2,3,80,3.9,25.1,7171.0,No,Yes,0
C100397,Hyderabad,Acer,Basic,45,1,1,7,3.4,17.1,6175.0,Yes,No,0
C100398,Bengaluru,Acer,Basic,46,2,1,28,2.8,20.4,1578.0,No,No,1
C100399,Bengaluru,ASUS,Premium,28,0,0,35,3.8,9.7,2262.0,Yes,Yes,0
C100400,Bengaluru,Acer,Basic,46,4,1,67,3.5,34.2,5116.0,No,No,0
C100401,Pune,HP,Premium,21,3,1,30,5.0,38.7,4735.0,Yes,No,0
C100402,Delhi,Acer,Basic,20,5,4,33,4.2,19.6,3854.0,Yes,No,0
C100403,Bengaluru,ASUS,Standard,41,3,0,5,3.0,43.9,8420.0,Yes,No,0
C100404,Pune,HP,Premium,33,2,2,59,4.2,11.2,5001.0,Yes,No,0
C100405,Chennai,Dell,Basic,26,1,1,40,3.8,5.5,5831.0,Yes,No,0
C100406,Mumbai,ASUS,Basic,22,2,1,27,4.7,10.9,6677.0,No,Yes,0
C100407,Chennai,Dell,Premium,34,3,3,38,3.0,15.8,4904.0,No,No,0
C100408,Hyderabad,Lenovo,Basic,37,2,0,77,3.7,41.1,9723.0,No,No,0
C100409,Pune,HP,Standard,24,0,2,17,3.4,15.2,3013.0,No,No,0
C100410,Hyderabad,Dell,Standard,2,0,0,21,3.6,9.4,3648.0,Yes,No,0
C100411,Bengaluru,Acer,Basic,5,3,2,80,2.7,9.0,3009.0,No,No,1
C100412,Bengaluru,Dell,Standard,7,3,4,47,4.0,29.4,7769.0,Yes,No,0
C100413,Bengaluru,Acer,Standard,23,3,3,64,3.9,28.0,6324.0,Yes,No,0
C100414,Hyderabad,Acer,Basic,30,1,1,56,4.7,13.1,3766.0,Yes,Yes,0
C100415,Hyderabad,Dell,Premium,39,3,5,44,3.5,1.0,3159.0,Yes,No,0
C100416,Delhi,Dell,Basic,12,3,3,35,3.1,6.7,7431.0,No,No,0
C100417,Pune,Acer,Basic,38,6,3,68,4.2,35.2,5487.0,Yes,No,0
C100418,Hyderabad,Lenovo,Standard,32,1,1,78,2.8,24.9,7480.0,Yes,No,0
C100419,Bengaluru,Dell,Premium,3,2,0,75,4.5,18.7,4686.0,No,No,0
C100420,Mumbai,ASUS,Basic,17,3,2,12,4.5,36.7,5772.0,Yes,No,0
C100421,Pune,HP,Basic,15,1,0,82,4.6,37.6,5370.0,No,Yes,0
C100422,Delhi,Dell,Standard,43,2,1,35,3.8,17.6,3614.0,Yes,No,0
C100423,Delhi,ASUS,Premium,45,0,1,24,3.1,17.8,4526.0,No,No,0
C100424,Mumbai,Dell,Basic,40,0,1,40,3.6,12.2,2550.0,No,Yes,0
C100425,Chennai,Lenovo,Standard,26,2,1,68,3.8,15.2,5739.0,Yes,No,0
C100426,Bengaluru,ASUS,Standard,24,1,2,60,3.0,3.1,6246.0,No,No,1
C100427,Pune,Lenovo,Basic,15,4,1,38,4.7,3.1,6681.0,Yes,Yes,0
C100428,Delhi,Lenovo,Basic,38,2,2,68,4.0,1.0,6066.0,Yes,No,0
C100429,Hyderabad,HP,Basic,5,0,4,49,2.7,28.8,4556.0,No,No,0
C100430,Delhi,Dell,Standard,14,1,3,29,5.0,2.4,7749.0,No,Yes,0
C100431,Hyderabad,Lenovo,Standard,7,4,0,25,3.6,37.5,6495.0,Yes,Yes,0
C100432,Delhi,ASUS,Premium,24,2,1,56,2.5,10.7,7438.0,Yes,No,0
C100433,Delhi,Dell,Standard,15,3,2,43,2.8,35.4,7557.0,Yes,No,0
C100434,Hyderabad,ASUS,Standard,10,2,0,6,4.8,14.3,4561.0,No,No,0
C100435,Chennai,Lenovo,Premium,19,2,3,69,5.0,2.3,5537.0,No,Yes,0
C100436,Hyderabad,Lenovo,Standard,42,1,0,32,4.4,30.8,6272.0,Yes,Yes,0
C100437,Mumbai,Dell,Standard,27,1,1,90,4.7,32.0,2617.0,No,No,0
C100438,Pune,Acer,Premium,40,3,1,6,4.6,8.9,2659.0,Yes,No,0
C100439,Hyderabad,Dell,Basic,44,2,6,40,4.0,14.7,2331.0,No,No,0
C100440,Chennai,HP,Standard,44,3,4,25,3.8,8.9,4595.0,No,Yes,0
C100441,Pune,Acer,Standard,17,2,6,18,4.0,16.8,4167.0,No,No,0
C100442,Bengaluru,Dell,Basic,43,2,1,31,4.2,19.1,2072.0,Yes,No,0
C100443,Hyderabad,Lenovo,Standard,44,2,1,95,2.8,14.5,5084.0,Yes,No,1
C100444,Chennai,Lenovo,Basic,47,2,1,49,4.2,1.0,4618.0,Yes,Yes,0
C100445,Mumbai,Dell,Basic,17,3,3,23,4.8,12.2,7046.0,No,No,0
C100446,Mumbai,HP,Standard,11,2,0,1,3.3,25.0,8625.0,No,No,0
C100447,Bengaluru,HP,Basic,29,3,5,1,3.2,15.9,5667.0,Yes,No,1
C100448,Pune,Acer,Standard,45,1,4,30,3.9,14.7,3476.0,Yes,Yes,0
C100449,Mumbai,ASUS,Premium,44,2,2,27,2.9,8.7,6029.0,Yes,Yes,0
C100450,Bengaluru,ASUS,Premium,28,2,2,39,2.3,11.9,4818.0,No,No,0
C100451,Pune,Dell,Basic,8,0,2,1,4.5,32.1,4344.0,No,Yes,0
C100452,Pune,Dell,Basic,21,2,1,42,3.1,6.6,3163.0,Yes,No,0
C100453,Chennai,Dell,Basic,35,2,3,74,3.5,25.2,3918.0,No,No,0
C100454,Hyderabad,Lenovo,Basic,27,1,2,90,3.0,18.5,4462.0,Yes,Yes,0
C100455,Mumbai,Dell,Premium,17,1,1,1,4.6,20.4,6328.0,No,No,0
C100456,Mumbai,HP,Standard,17,0,3,23,4.3,10.7,5771.0,Yes,No,0
C100457,Hyderabad,ASUS,Basic,3,3,1,21,3.3,14.5,8269.0,Yes,Yes,0
C100458,Mumbai,ASUS,Premium,14,3,2,49,2.4,17.9,6081.0,No,No,1
C100459,Pune,ASUS,Standard,33,1,2,11,3.2,12.8,5606.0,No,No,0
C100460,Hyderabad,HP,Basic,12,0,3,92,4.0,21.3,4218.0,Yes,No,0
C100461,Delhi,Acer,Basic,48,3,5,46,3.7,22.6,2829.0,No,Yes,1
C100462,Hyderabad,Acer,Standard,4,2,3,42,3.6,39.7,3717.0,No,No,1
C100463,Delhi,Dell,Standard,29,1,1,90,,20.8,3470.0,Yes,No,0
C100464,Chennai,Lenovo,Basic,24,5,2,45,4.2,1.0,800.0,No,Yes,0
C100465,Hyderabad,Lenovo,Premium,40,1,0,56,3.5,29.6,2884.0,No,No,0
C100466,Pune,HP,Premium,43,0,1,24,3.9,16.0,7844.0,Yes,No,0
C100467,Hyderabad,Acer,Premium,27,3,3,7,2.6,38.1,5500.0,No,No,1
C100468,Mumbai,Acer,Basic,31,2,3,28,5.0,32.7,4085.0,No,No,0
C100469,Bengaluru,Lenovo,Basic,34,1,3,106,3.2,12.9,5557.0,Yes,No,0
C100470,Pune,Acer,Premium,26,3,1,63,3.7,25.2,1089.0,No,No,0
C100471,Delhi,Acer,Basic,9,1,1,53,4.0,12.1,5336.0,Yes,No,0
C100472,Delhi,Lenovo,Standard,21,3,2,18,3.1,18.0,7227.0,No,No,0
C100473,Chennai,HP,Standard,12,5,1,71,3.5,24.8,4570.0,No,No,1
C100474,Chennai,Acer,Basic,23,3,1,7,3.5,29.1,1433.0,Yes,No,0
C100475,Mumbai,Acer,Standard,30,2,2,1,2.7,27.0,4014.0,No,No,0
C100476,Delhi,ASUS,Premium,11,2,1,29,3.9,18.7,7231.0,Yes,No,0
C100477,Pune,Dell,Standard,12,1,3,100,2.0,42.8,5291.0,No,No,1
C100478,Hyderabad,Lenovo,Standard,40,4,1,98,5.0,14.3,2105.0,No,Yes,0
C100479,Mumbai,ASUS,Premium,19,3,2,32,4.2,1.9,9298.0,Yes,No,0
C100480,Hyderabad,Lenovo,Standard,10,2,2,26,4.1,3.9,2418.0,No,Yes,0
C100481,Bengaluru,ASUS,Standard,35,3,2,1,1.9,,4338.0,Yes,No,0
C100482,Delhi,Dell,Premium,35,1,2,47,2.8,17.2,2829.0,No,No,0
C100483,Bengaluru,Dell,Standard,40,1,3,50,4.8,19.6,2832.0,No,No,0
C100484,Delhi,Acer,Basic,37,2,2,67,5.0,12.6,3941.0,No,Yes,1
C100485,Chennai,HP,Basic,48,1,1,70,4.6,13.5,6009.0,Yes,No,0
C100486,Bengaluru,Lenovo,Basic,28,5,2,39,4.4,10.1,7252.0,No,Yes,0
C100487,Chennai,Lenovo,Standard,14,2,3,61,4.0,22.7,4066.0,No,No,0
C100488,Mumbai,Lenovo,Standard,42,3,3,25,2.7,17.0,2881.0,No,No,1
C100489,Delhi,ASUS,Standard,13,1,2,60,4.4,22.4,5709.0,No,No,0
C100490,Mumbai,Dell,Standard,14,2,2,31,2.5,21.4,5765.0,No,Yes,0
C100491,Pune,Acer,Standard,40,1,1,58,2.4,13.7,5257.0,Yes,No,1
C100492,Pune,ASUS,Premium,43,0,2,56,2.4,3.4,5324.0,Yes,No,0
C100493,Delhi,Acer,Basic,17,3,1,47,4.4,2.5,4586.0,No,No,0
C100494,Mumbai,HP,Standard,36,3,1,67,3.4,48.3,4986.0,Yes,No,0
C100495,Bengaluru,Dell,Standard,45,0,2,1,3.6,32.8,4455.0,No,No,1
C100496,Chennai,Acer,Standard,39,1,4,15,3.5,31.4,6833.0,No,Yes,0
C100497,Hyderabad,Lenovo,Basic,1,3,1,37,2.5,11.3,9034.0,No,Yes,1
C100498,Chennai,Dell,Standard,32,1,2,5,2.9,18.1,5141.0,No,No,0
C100499,Pune,HP,Premium,9,3,1,34,2.9,9.8,4788.0,No,No,0
C100500,Chennai,ASUS,Standard,41,2,3,35,2.2,4.9,5286.0,No,Yes,1
C100501,Hyderabad,HP,Premium,4,1,3,82,3.0,12.1,3550.0,No,No,0
C100502,Mumbai,Dell,Premium,48,2,1,49,2.5,31.3,6253.0,Yes,No,0
C100503,Pune,Acer,Basic,9,2,4,74,4.0,26.4,5638.0,Yes,Yes,0
C100504,Pune,Dell,Standard,21,3,2,53,4.1,8.3,4001.0,Yes,No,0
C100505,Bengaluru,ASUS,Standard,12,1,0,30,2.3,14.9,6514.0,No,No,0
C100506,Chennai,ASUS,Premium,40,7,2,49,3.2,25.5,4836.0,Yes,No,0
C100507,Mumbai,ASUS,Basic,19,3,3,65,5.0,12.3,2957.0,No,Yes,0
C100508,Bengaluru,ASUS,Standard,36,2,1,78,2.6,,5468.0,No,No,1
C100509,Bengaluru,HP,Premium,4,2,4,41,3.9,22.0,5250.0,Yes,No,1
C100510,Bengaluru,HP,Basic,22,2,1,1,3.6,21.9,6625.0,No,No,0
C100511,Pune,HP,Standard,44,6,0,1,4.5,20.5,6380.0,Yes,No,0
C100512,Delhi,Lenovo,Standard,45,0,2,36,3.8,11.5,4592.0,No,No,0
C100513,Pune,ASUS,Premium,11,4,1,1,3.1,12.5,3903.0,Yes,Yes,0
C100514,Delhi,Acer,Premium,19,1,1,95,3.6,6.7,4803.0,Yes,No,1
C100515,Pune,Acer,Basic,20,1,5,62,3.6,2.4,5490.0,Yes,No,0
C100516,Hyderabad,ASUS,Standard,28,2,1,27,3.4,16.9,5719.0,No,Yes,0
C100517,Pune,Acer,Basic,26,3,3,14,2.3,26.2,5373.0,Yes,Yes,1
C100518,Hyderabad,HP,Standard,6,3,2,74,4.6,4.2,4628.0,No,No,0
C100519,Chennai,Lenovo,Standard,37,1,2,14,4.5,20.7,6694.0,No,No,0
C100520,Mumbai,Lenovo,Premium,11,2,1,16,2.6,25.8,3519.0,Yes,Yes,0
C100521,Chennai,Dell,Basic,16,1,2,24,3.2,1.0,9511.0,Yes,Yes,0
C100522,Hyderabad,Acer,Basic,41,2,2,48,3.3,15.3,6250.0,Yes,No,0
C100523,Bengaluru,Acer,Standard,34,1,1,62,2.5,34.5,2658.0,No,Yes,1
C100524,Delhi,Acer,Standard,20,0,3,78,1.8,23.5,5152.0,No,No,1
C100525,Bengaluru,Lenovo,Standard,44,1,0,74,2.9,1.0,,Yes,No,0
C100526,Bengaluru,Acer,Basic,19,3,4,45,3.2,24.6,4136.0,No,No,1
C100527,Pune,ASUS,Basic,28,3,0,74,2.2,,1959.0,No,No,0
C100528,Hyderabad,Lenovo,Premium,12,1,0,26,3.7,24.9,2826.0,No,No,0
C100529,Pune,Lenovo,Basic,9,3,1,1,4.5,11.1,5830.0,Yes,No,0
C100530,Pune,Dell,Standard,24,1,1,26,4.3,17.5,1466.0,Yes,No,0
C100531,Mumbai,Acer,Premium,28,3,3,22,3.4,12.6,2046.0,Yes,No,0
C100532,Hyderabad,ASUS,Basic,39,3,2,27,1.8,18.0,5820.0,No,No,1
C100533,Hyderabad,Acer,Standard,19,2,2,18,4.1,12.3,4377.0,No,No,0
C100534,Bengaluru,ASUS,Basic,43,1,5,32,3.6,15.8,3478.0,Yes,No,0
C100535,Mumbai,ASUS,Premium,30,2,2,62,3.9,6.2,3860.0,Yes,No,0
C100536,Hyderabad,Acer,Standard,4,1,0,93,5.0,,2005.0,No,Yes,1
C100537,Chennai,Lenovo,Premium,36,0,3,1,2.8,19.8,5720.0,Yes,No,0
C100538,Hyderabad,Dell,Basic,28,2,3,9,1.0,,3268.0,No,Yes,1
C100539,Mumbai,Dell,Standard,19,4,2,23,2.6,27.9,3782.0,Yes,No,0
C100540,Hyderabad,HP,Standard,23,4,1,66,3.9,16.2,5459.0,Yes,No,0
C100541,Delhi,Lenovo,Basic,15,4,1,39,3.5,19.6,4312.0,No,Yes,0
C100542,Hyderabad,Acer,Basic,30,4,2,25,2.4,25.6,3461.0,Yes,No,0
C100543,Bengaluru,Lenovo,Basic,28,2,3,65,2.2,21.3,1020.0,No,No,1
C100544,Bengaluru,Dell,Premium,22,1,3,72,3.2,29.7,5498.0,Yes,No,1
C100545,Delhi,HP,Standard,14,1,0,44,2.4,15.1,4950.0,Yes,No,0
C100546,Hyderabad,ASUS,Standard,20,2,2,22,4.0,28.3,3817.0,No,No,0
C100547,Chennai,ASUS,Standard,24,3,1,53,3.1,19.2,2829.0,Yes,No,0
C100548,Mumbai,HP,Standard,23,2,1,38,2.9,23.1,4824.0,No,No,0
C100549,Mumbai,ASUS,Standard,15,1,4,38,2.8,22.0,5713.0,No,No,0
C100550,Delhi,Acer,Standard,28,2,1,31,3.7,30.4,4986.0,No,No,1
C100551,Delhi,ASUS,Standard,11,0,1,71,3.5,25.2,7912.0,Yes,Yes,0
C100552,Chennai,ASUS,Basic,25,2,3,52,3.7,13.6,6139.0,Yes,No,0
C100553,Delhi,Acer,Premium,6,2,1,74,3.7,11.6,4596.0,Yes,No,0
C100554,Bengaluru,HP,Premium,23,2,1,82,3.4,17.5,6203.0,No,Yes,1
C100555,Pune,Acer,Basic,38,3,3,58,2.6,10.4,4892.0,Yes,No,1
C100556,Mumbai,HP,Standard,40,1,3,31,2.8,7.5,4886.0,Yes,No,0
C100557,Delhi,HP,Basic,34,1,1,74,3.1,1.0,7263.0,No,No,0
C100558,Pune,Acer,Premium,36,2,1,58,5.0,2.5,3094.0,Yes,Yes,0
C100559,Delhi,Lenovo,Premium,4,0,2,118,2.3,37.9,4844.0,No,No,0
C100560,Pune,Lenovo,Premium,17,3,2,54,3.1,11.4,7060.0,Yes,No,0
C100561,Mumbai,HP,Basic,32,1,2,65,3.6,37.0,5387.0,No,Yes,0
C100562,Hyderabad,Lenovo,Basic,39,3,3,53,3.2,22.0,4099.0,No,No,0
C100563,Chennai,Dell,Basic,28,2,0,42,4.5,17.5,1558.0,Yes,No,0
C100564,Bengaluru,Acer,Basic,41,4,0,38,3.2,3.0,,No,Yes,0
C100565,Pune,Lenovo,Basic,14,2,3,53,3.3,18.0,8745.0,No,No,1
C100566,Bengaluru,ASUS,Basic,8,2,3,60,4.2,,5386.0,Yes,Yes,0
C100567,Bengaluru,Lenovo,Premium,5,2,1,77,5.0,33.6,3690.0,No,No,1
C100568,Bengaluru,Lenovo,Basic,28,1,1,54,4.8,20.7,5464.0,No,No,0
C100569,Mumbai,Dell,Basic,32,0,2,32,3.4,6.5,2999.0,No,No,0
C100570,Mumbai,Dell,Premium,14,1,1,36,3.5,8.4,4171.0,No,No,0
C100571,Pune,HP,Standard,38,2,2,8,3.5,9.5,3012.0,Yes,No,0
C100572,Chennai,HP,Standard,36,6,2,92,3.6,30.8,2115.0,Yes,Yes,1
C100573,Bengaluru,HP,Standard,18,1,2,30,2.7,34.3,801.0,Yes,No,0
C100574,Hyderabad,HP,Premium,12,1,3,72,4.3,20.0,1764.0,Yes,Yes,0
C100575,Hyderabad,Acer,Standard,36,2,2,53,3.7,15.0,6740.0,Yes,No,0
C100576,Chennai,Dell,Standard,33,1,1,54,3.5,33.5,2925.0,Yes,Yes,0
C100577,Pune,HP,Standard,9,4,3,42,2.4,8.2,5816.0,Yes,No,0
C100578,Mumbai,Dell,Standard,13,0,2,23,3.6,18.5,6618.0,No,No,0
C100579,Pune,HP,Basic,24,4,2,18,1.8,22.6,4832.0,Yes,Yes,0
C100580,Hyderabad,Acer,Standard,25,3,5,93,3.0,9.4,,No,Yes,0
C100581,Hyderabad,Dell,Basic,8,3,1,48,3.0,11.6,5053.0,No,Yes,0
C100582,Pune,HP,Standard,46,2,3,77,3.8,10.9,4008.0,No,Yes,0
C100583,Hyderabad,Dell,Basic,19,2,4,84,5.0,32.2,7087.0,Yes,No,0
C100584,Hyderabad,ASUS,Basic,19,3,2,33,4.0,37.1,8365.0,No,No,1
C100585,Chennai,Acer,Basic,3,1,4,57,4.8,19.1,7555.0,No,No,0
C100586,Pune,HP,Premium,43,4,2,46,4.1,15.3,800.0,No,Yes,1
C100587,Delhi,Dell,Basic,12,3,3,13,4.5,12.0,3970.0,Yes,No,0
C100588,Hyderabad,Dell,Standard,48,0,2,40,5.0,18.0,4808.0,Yes,No,0
C100589,Pune,Lenovo,Premium,24,1,0,61,2.8,,5680.0,No,No,0
C100590,Pune,Acer,Basic,42,2,0,31,2.8,17.0,1518.0,Yes,Yes,0
C100591,Delhi,Lenovo,Standard,9,2,4,36,4.1,22.1,1487.0,No,No,0
C100592,Pune,ASUS,Basic,8,1,2,40,3.5,13.9,7283.0,No,Yes,0
C100593,Bengaluru,HP,Basic,39,1,2,104,3.7,16.1,3738.0,No,No,1
C100594,Pune,HP,Standard,40,3,2,1,3.3,,1974.0,No,No,0
C100595,Bengaluru,Lenovo,Premium,27,0,2,59,3.0,14.8,2703.0,No,No,0
C100596,Delhi,HP,Basic,2,3,2,38,5.0,13.6,5542.0,No,Yes,0
C100597,Mumbai,ASUS,Standard,46,3,0,27,2.5,25.6,3237.0,No,Yes,0
C100598,Delhi,Dell,Basic,19,2,2,37,4.1,1.0,5259.0,Yes,No,0
C100599,Mumbai,Lenovo,Standard,45,1,6,64,4.0,33.7,2940.0,No,No,0
C100600,Mumbai,Lenovo,Standard,42,3,3,65,2.1,19.4,1486.0,No,No,0
C100601,Mumbai,Dell,Standard,41,4,2,50,2.8,24.1,7506.0,No,No,0
C100602,Delhi,Lenovo,Standard,34,2,2,76,2.9,25.3,5557.0,Yes,Yes,1
C100603,Delhi,Lenovo,Basic,33,1,0,81,4.0,10.9,4166.0,Yes,No,0
C100604,Hyderabad,HP,Standard,26,4,1,68,3.2,8.9,3809.0,No,No,0
C100605,Delhi,Dell,Standard,2,3,2,30,3.4,7.7,7583.0,Yes,No,1
C100606,Mumbai,Dell,Standard,19,2,1,59,2.2,15.5,5924.0,No,No,0
C100607,Bengaluru,Dell,Basic,36,2,1,59,5.0,25.0,6979.0,No,No,0
C100608,Mumbai,Lenovo,Standard,39,4,4,22,3.6,12.2,3691.0,Yes,No,0
C100609,Pune,Dell,Standard,27,3,2,1,3.9,24.1,4896.0,Yes,Yes,0
C100610,Pune,ASUS,Basic,35,1,4,1,3.0,1.0,5564.0,No,No,0
C100611,Pune,HP,Basic,2,2,0,47,2.9,14.1,3755.0,Yes,Yes,0
C100612,Chennai,Acer,Standard,23,3,2,53,,29.7,4618.0,No,Yes,0
C100613,Delhi,Acer,Standard,25,5,0,12,1.8,16.3,3691.0,No,No,1
C100614,Chennai,Lenovo,Basic,43,1,1,74,3.8,9.7,5558.0,No,Yes,0
C100615,Delhi,ASUS,Premium,15,3,2,49,2.4,11.4,2289.0,Yes,Yes,0
C100616,Mumbai,Dell,Standard,12,2,1,83,3.1,1.0,5887.0,Yes,No,1
C100617,Bengaluru,HP,Standard,17,3,3,55,2.9,7.9,5390.0,No,Yes,0
C100618,Bengaluru,HP,Standard,9,1,3,15,2.6,28.6,4414.0,Yes,No,1
C100619,Hyderabad,Dell,Standard,27,3,1,58,3.5,12.2,5654.0,Yes,Yes,0
C100620,Hyderabad,HP,Standard,31,1,1,64,1.2,13.4,4107.0,No,No,0
C100621,Chennai,HP,Premium,39,6,3,30,3.2,1.0,3527.0,Yes,No,0
C100622,Chennai,Acer,Standard,47,3,0,5,3.4,1.7,5833.0,Yes,Yes,0
C100623,Hyderabad,HP,Standard,4,2,4,48,2.3,29.9,5915.0,No,No,1
C100624,Chennai,ASUS,Standard,12,2,1,17,4.9,24.2,3836.0,Yes,Yes,0
C100625,Mumbai,Acer,Standard,15,2,2,76,3.0,5.0,3673.0,Yes,Yes,0
C100626,Bengaluru,ASUS,Basic,12,2,1,34,3.3,11.7,4452.0,Yes,No,0
C100627,Chennai,Dell,Standard,40,0,1,93,3.0,17.7,3751.0,No,Yes,0
C100628,Chennai,ASUS,Standard,7,2,1,1,3.4,6.0,7698.0,No,Yes,0
C100629,Mumbai,Acer,Premium,2,2,0,49,4.7,1.0,5401.0,No,No,0
C100630,Chennai,ASUS,Standard,42,3,2,85,5.0,16.4,4828.0,No,No,0
C100631,Delhi,HP,Standard,47,1,3,20,4.2,23.7,3028.0,Yes,No,0
C100632,Bengaluru,ASUS,Premium,11,4,4,41,4.5,23.9,6204.0,No,No,0
C100633,Chennai,Lenovo,Standard,16,1,1,34,5.0,26.8,3638.0,Yes,No,0
C100634,Chennai,Dell,Basic,25,2,2,26,3.7,2.5,3560.0,No,Yes,0
C100635,Bengaluru,Lenovo,Basic,26,1,2,52,4.9,18.6,6268.0,No,Yes,0
C100636,Delhi,Dell,Basic,48,0,2,9,4.2,15.3,5536.0,Yes,No,0
C100637,Bengaluru,ASUS,Basic,20,4,2,42,3.6,17.1,800.0,No,No,0
C100638,Bengaluru,HP,Standard,1,1,5,59,3.8,15.9,4500.0,No,Yes,0
C100639,Delhi,HP,Standard,21,2,2,39,,11.4,5038.0,Yes,Yes,0
C100640,Pune,Lenovo,Standard,27,2,1,17,3.8,,4155.0,No,No,0
C100641,Delhi,Lenovo,Basic,25,0,0,74,2.1,29.6,5105.0,No,No,0
C100642,Pune,Dell,Standard,25,4,2,65,2.0,21.3,1362.0,Yes,No,1
C100643,Pune,ASUS,Basic,45,2,0,16,3.7,3.2,800.0,Yes,No,0
C100644,Chennai,ASUS,Premium,39,2,2,9,2.5,,2947.0,No,No,0
C100645,Delhi,Acer,Basic,13,3,2,18,,13.5,5336.0,Yes,No,1
C100646,Bengaluru,Acer,Standard,18,6,1,60,3.6,13.8,800.0,Yes,No,0
C100647,Chennai,Lenovo,Basic,33,2,2,53,3.7,10.3,3197.0,No,No,0
C100648,Mumbai,Lenovo,Standard,20,0,3,67,2.7,,1147.0,No,No,0
C100649,Pune,Lenovo,Standard,21,1,2,36,4.3,10.0,4339.0,Yes,No,0
C100650,Pune,Dell,Standard,9,2,3,19,3.4,7.0,8520.0,Yes,Yes,0
C100651,Chennai,Dell,Basic,13,4,2,71,3.9,29.3,4387.0,No,Yes,0
C100652,Mumbai,HP,Premium,36,1,0,30,2.4,16.2,4596.0,No,Yes,0
C100653,Bengaluru,Lenovo,Standard,41,1,0,50,3.3,16.5,6395.0,No,Yes,0
C100654,Delhi,Dell,Standard,38,3,2,2,4.5,24.9,4840.0,No,Yes,0
C100655,Mumbai,Dell,Premium,15,2,0,29,4.4,11.3,4392.0,Yes,No,0
C100656,Mumbai,ASUS,Premium,7,1,3,73,2.8,13.3,6561.0,No,No,0
C100657,Delhi,HP,Basic,8,3,3,25,3.0,21.1,5697.0,No,No,0
C100658,Mumbai,Lenovo,Basic,19,1,2,68,2.6,2.6,5348.0,No,No,0
C100659,Hyderabad,Lenovo,Basic,25,1,2,1,2.9,20.2,4536.0,Yes,No,0
C100660,Bengaluru,Acer,Basic,43,1,3,29,2.2,10.4,4142.0,Yes,No,0
C100661,Bengaluru,Acer,Standard,44,3,1,40,3.4,26.6,6543.0,No,Yes,0
C100662,Delhi,HP,Premium,1,2,1,94,4.1,23.5,4161.0,No,Yes,1
C100663,Hyderabad,ASUS,Premium,34,2,2,12,2.8,22.1,7139.0,No,Yes,0
C100664,Bengaluru,HP,Standard,15,2,2,64,3.4,1.9,2810.0,Yes,No,0
C100665,Mumbai,ASUS,Standard,10,1,1,75,3.3,17.0,7524.0,No,Yes,0
C100666,Delhi,Lenovo,Premium,27,2,2,25,4.4,6.2,5697.0,Yes,Yes,0
C100667,Mumbai,Dell,Premium,2,1,2,35,2.9,17.6,2960.0,No,No,0
C100668,Pune,Acer,Basic,17,5,2,49,3.0,1.0,5767.0,No,No,1
C100669,Pune,Dell,Standard,27,2,1,4,2.7,2.6,3564.0,No,No,0
C100670,Hyderabad,Acer,Premium,14,4,1,32,2.5,29.9,4864.0,Yes,No,0
C100671,Pune,Dell,Basic,29,4,2,81,4.0,21.7,3875.0,No,No,1
C100672,Mumbai,HP,Standard,23,3,3,60,3.4,14.5,4547.0,Yes,No,0
C100673,Mumbai,Acer,Premium,39,3,3,41,3.5,8.9,6589.0,No,Yes,0
C100674,Hyderabad,ASUS,Premium,9,3,1,48,4.6,7.2,5785.0,No,No,0
C100675,Mumbai,Lenovo,Premium,3,3,2,61,4.7,20.0,2662.0,No,No,0
C100676,Delhi,Dell,Standard,26,2,0,67,2.0,14.6,2771.0,No,Yes,1
C100677,Mumbai,HP,Basic,13,3,5,29,4.1,33.5,5314.0,No,No,0
C100678,Hyderabad,ASUS,Basic,34,1,3,88,3.7,16.2,5452.0,Yes,No,1
C100679,Mumbai,Acer,Standard,5,3,0,82,3.1,18.6,3519.0,Yes,No,0
C100680,Pune,Dell,Standard,28,1,2,64,3.8,4.1,7823.0,No,No,0
C100681,Delhi,HP,Standard,48,2,2,21,1.9,14.4,6346.0,No,No,0
C100682,Hyderabad,HP,Standard,5,0,0,16,4.8,19.8,3611.0,No,Yes,0
C100683,Pune,Dell,Standard,15,3,0,36,4.0,14.3,3428.0,Yes,Yes,0
C100684,Pune,ASUS,Standard,41,2,2,47,2.7,13.1,4367.0,Yes,No,0
C100685,Bengaluru,Acer,Basic,26,4,1,1,3.0,21.3,4169.0,No,No,0
C100686,Delhi,Dell,Basic,9,1,0,59,2.0,33.1,7187.0,No,No,0
C100687,Chennai,Acer,Basic,11,1,1,81,3.2,19.4,6671.0,No,No,0
C100688,Mumbai,Lenovo,Basic,37,0,1,61,3.1,29.4,4867.0,Yes,No,0
C100689,Chennai,Dell,Premium,42,0,2,26,2.3,24.2,6088.0,Yes,Yes,0
C100690,Delhi,Lenovo,Standard,18,2,0,23,4.2,28.8,6364.0,Yes,Yes,0
C100691,Pune,Dell,Basic,23,3,0,53,4.6,11.9,4911.0,Yes,No,0
C100692,Delhi,HP,Standard,38,3,2,41,3.5,15.9,5565.0,No,No,1
C100693,Pune,ASUS,Standard,9,1,2,57,3.2,16.0,5929.0,Yes,Yes,0
C100694,Pune,Acer,Basic,10,4,0,62,3.9,23.5,5726.0,Yes,No,0
C100695,Hyderabad,Dell,Basic,38,1,1,76,3.5,25.9,3320.0,No,No,1
C100696,Bengaluru,ASUS,Basic,9,1,1,13,2.5,19.3,3512.0,Yes,Yes,1
C100697,Delhi,Lenovo,Standard,37,3,4,51,2.9,26.8,4252.0,No,No,1
C100698,Mumbai,ASUS,Basic,24,0,3,35,3.2,12.4,3457.0,Yes,No,0
C100699,Hyderabad,Acer,Basic,48,1,1,42,3.7,26.9,2001.0,Yes,No,0
C100700,Hyderabad,HP,Basic,2,1,2,69,,28.2,6084.0,Yes,No,1
C100701,Mumbai,Lenovo,Standard,46,5,2,72,3.7,24.8,5458.0,No,No,0
C100702,Mumbai,Lenovo,Basic,11,4,3,84,2.1,19.3,2255.0,Yes,Yes,0
C100703,Bengaluru,Acer,Premium,2,2,1,57,4.1,25.1,4342.0,No,No,0
C100704,Bengaluru,HP,Basic,35,1,2,42,3.5,9.1,4450.0,No,No,0
C100705,Hyderabad,HP,Standard,26,1,5,38,5.0,20.0,5146.0,Yes,No,0
C100706,Mumbai,HP,Standard,41,0,2,1,3.2,21.0,2744.0,No,No,0
C100707,Hyderabad,HP,Standard,6,0,1,83,3.8,4.7,2227.0,Yes,Yes,0
C100708,Mumbai,Dell,Basic,4,1,1,36,5.0,22.7,5787.0,Yes,No,0
C100709,Chennai,Dell,Premium,28,0,1,59,3.7,5.5,1885.0,No,Yes,0
C100710,Chennai,ASUS,Premium,43,1,0,64,3.4,13.7,4358.0,Yes,Yes,0
C100711,Delhi,Dell,Basic,20,4,2,10,2.6,18.4,4180.0,No,No,0
C100712,Mumbai,ASUS,Basic,39,0,4,19,4.9,10.7,4566.0,No,No,0
C100713,Delhi,Dell,Premium,44,1,0,88,2.5,18.8,5280.0,Yes,No,1
C100714,Delhi,Acer,Standard,42,0,4,53,3.9,18.7,7837.0,Yes,No,0
C100715,Pune,HP,Basic,25,1,3,29,3.1,9.8,1761.0,No,Yes,0
C100716,Delhi,Lenovo,Basic,34,0,1,41,3.3,23.7,6466.0,No,Yes,0
C100717,Mumbai,HP,Standard,26,2,3,75,2.2,10.4,800.0,Yes,Yes,1
C100718,Chennai,Lenovo,Standard,33,0,2,71,4.7,40.9,7448.0,No,No,0
C100719,Bengaluru,Lenovo,Standard,28,1,4,4,3.2,16.9,919.0,Yes,No,0
C100720,Mumbai,Lenovo,Premium,26,4,2,91,2.4,6.3,9429.0,No,Yes,0
C100721,Hyderabad,HP,Standard,21,2,1,72,4.6,8.2,4059.0,Yes,No,0
C100722,Pune,Lenovo,Basic,32,2,1,41,3.0,29.5,7252.0,No,No,0
C100723,Pune,ASUS,Standard,37,1,1,12,3.8,13.9,6860.0,No,No,0
C100724,Hyderabad,Lenovo,Basic,45,2,2,75,4.3,4.4,3971.0,No,No,1
C100725,Delhi,HP,Basic,30,1,0,58,3.9,26.5,4116.0,No,Yes,0
C100726,Hyderabad,Dell,Basic,5,0,8,4,1.5,13.8,3209.0,No,No,1
C100727,Delhi,HP,Basic,29,2,5,39,4.1,24.5,6296.0,Yes,No,0
C100728,Hyderabad,Dell,Standard,16,4,6,133,3.4,27.4,3995.0,Yes,Yes,1
C100729,Chennai,Dell,Basic,2,2,1,45,3.2,20.7,3244.0,No,Yes,0
C100730,Mumbai,ASUS,Standard,4,2,1,24,3.4,42.0,5821.0,Yes,No,0
C100731,Delhi,Dell,Standard,29,2,2,17,2.1,1.0,3095.0,No,No,0
C100732,Chennai,Lenovo,Standard,46,5,2,95,3.7,9.8,4175.0,Yes,Yes,0
C100733,Pune,ASUS,Standard,25,5,1,69,2.3,15.4,5004.0,No,No,0
C100734,Delhi,ASUS,Premium,22,3,0,84,3.2,40.6,3579.0,No,No,1
C100735,Bengaluru,Dell,Standard,5,2,0,52,3.6,36.0,3866.0,No,Yes,0
C100736,Delhi,Dell,Basic,33,1,4,80,4.5,30.9,7716.0,Yes,Yes,0
C100737,Delhi,HP,Standard,3,2,3,21,2.8,10.1,4412.0,No,No,0
C100738,Chennai,Lenovo,Standard,41,3,0,50,4.8,11.2,4117.0,No,No,0
C100739,Delhi,ASUS,Basic,40,3,2,53,4.4,9.7,4467.0,No,Yes,0
C100740,Pune,HP,Basic,48,1,3,84,3.1,10.2,5663.0,No,No,1
C100741,Delhi,Dell,Basic,14,3,1,54,2.5,32.9,2836.0,Yes,No,1
C100742,Delhi,HP,Standard,8,0,2,27,,15.6,5612.0,Yes,No,0
C100743,Mumbai,ASUS,Standard,15,3,1,47,3.7,16.9,5286.0,Yes,Yes,0
C100744,Bengaluru,Dell,Basic,39,2,1,1,2.8,25.7,1402.0,No,Yes,0
C100745,Delhi,HP,Premium,11,2,3,1,4.6,1.4,8209.0,No,Yes,0
C100746,Chennai,Dell,Premium,43,1,1,68,2.9,18.5,7576.0,Yes,No,0
C100747,Mumbai,Dell,Basic,8,3,3,35,2.7,7.0,3279.0,No,No,0
C100748,Bengaluru,ASUS,Premium,3,2,4,38,3.7,15.1,2667.0,Yes,No,1
C100749,Bengaluru,Dell,Basic,11,1,1,68,2.9,12.1,5233.0,No,Yes,1
C100750,Hyderabad,HP,Premium,37,3,0,84,3.5,11.6,2091.0,No,No,0
C100751,Pune,ASUS,Premium,29,3,2,60,4.4,20.3,7392.0,Yes,No,0
C100752,Hyderabad,Acer,Basic,18,4,3,99,3.6,20.2,3910.0,Yes,No,0
C100753,Hyderabad,Dell,Standard,32,1,1,59,3.6,15.8,7881.0,No,No,0
C100754,Pune,Lenovo,Premium,32,0,1,53,3.7,21.7,3234.0,No,No,0
C100755,Mumbai,ASUS,Premium,27,3,1,52,2.0,9.3,4587.0,Yes,Yes,0
C100756,Chennai,Lenovo,Premium,25,3,2,9,,24.8,7208.0,No,Yes,0
C100757,Delhi,Lenovo,Standard,5,7,2,72,3.6,15.9,4186.0,No,No,1
C100758,Chennai,Lenovo,Basic,13,3,2,1,4.3,13.2,5317.0,Yes,Yes,0
C100759,Hyderabad,Acer,Premium,26,3,1,29,4.0,10.1,6876.0,No,Yes,0
C100760,Delhi,Dell,Standard,7,3,2,46,3.3,15.6,3744.0,Yes,No,0
C100761,Bengaluru,ASUS,Standard,23,2,1,23,4.4,36.7,2403.0,No,Yes,0
C100762,Mumbai,ASUS,Standard,6,3,1,32,3.2,17.4,2028.0,No,No,0
C100763,Pune,Dell,Standard,38,3,4,97,,6.6,5909.0,Yes,No,0
C100764,Pune,ASUS,Basic,5,2,1,76,3.2,27.2,5539.0,No,No,0
C100765,Chennai,ASUS,Standard,5,2,3,26,3.9,13.3,6817.0,Yes,Yes,0
C100766,Delhi,Acer,Basic,31,1,2,32,3.2,20.8,4279.0,No,No,0
C100767,Mumbai,HP,Standard,11,4,0,9,5.0,11.9,2082.0,No,No,0
C100768,Chennai,Lenovo,Premium,17,2,3,65,5.0,30.8,800.0,Yes,No,0
C100769,Hyderabad,ASUS,Standard,16,2,0,38,4.3,12.1,10249.0,No,No,0
C100770,Chennai,Dell,Standard,11,2,2,1,4.9,32.0,5801.0,Yes,No,0
C100771,Mumbai,ASUS,Basic,37,1,0,48,2.1,7.5,,No,Yes,0
C100772,Pune,ASUS,Premium,34,2,0,57,2.2,15.1,5329.0,No,Yes,0
C100773,Hyderabad,Acer,Standard,12,2,3,72,3.2,32.0,2080.0,No,No,1
C100774,Delhi,HP,Basic,33,2,2,43,3.5,19.7,3290.0,No,No,0
C100775,Pune,Lenovo,Basic,35,2,1,35,3.3,40.7,8112.0,No,No,0
C100776,Pune,Dell,Basic,26,2,2,101,2.0,15.3,6051.0,Yes,Yes,0
C100777,Chennai,ASUS,Standard,28,3,2,45,4.5,20.6,3349.0,Yes,Yes,0
C100778,Hyderabad,HP,Premium,45,6,0,65,5.0,37.1,2469.0,No,No,0
C100779,Bengaluru,Dell,Standard,22,3,1,30,4.7,2.9,3820.0,Yes,No,0
C100780,Pune,Acer,Basic,19,0,2,64,4.5,1.6,4201.0,Yes,Yes,0
C100781,Pune,Acer,Premium,26,3,1,4,,10.0,8693.0,Yes,No,0
C100782,Mumbai,Acer,Basic,41,1,1,32,2.7,26.1,4442.0,No,No,1
C100783,Hyderabad,Dell,Premium,35,5,3,11,3.6,1.9,2540.0,No,Yes,0
C100784,Hyderabad,Acer,Basic,4,2,1,28,5.0,24.0,4689.0,Yes,No,0
C100785,Chennai,Acer,Standard,23,2,1,80,3.2,23.3,,Yes,Yes,0
C100786,Mumbai,Acer,Premium,36,2,0,28,3.1,38.1,2367.0,No,No,0
C100787,Hyderabad,ASUS,Basic,11,2,4,65,4.5,28.5,5564.0,Yes,Yes,0
C100788,Delhi,HP,Standard,48,1,4,87,4.6,21.6,7097.0,No,No,1
C100789,Mumbai,HP,Premium,39,0,1,44,2.7,31.6,5063.0,No,Yes,0
C100790,Hyderabad,ASUS,Basic,41,1,2,73,3.3,,3286.0,No,No,0
C100791,Hyderabad,Lenovo,Basic,4,2,0,60,3.0,13.4,3795.0,Yes,No,0
C100792,Chennai,Lenovo,Standard,28,1,1,48,3.6,6.6,1648.0,No,No,0
C100793,Delhi,HP,Basic,26,1,6,66,4.5,12.3,4546.0,No,No,1
C100794,Delhi,Acer,Basic,31,3,1,97,2.8,17.6,5390.0,Yes,No,1
C100795,Chennai,Acer,Standard,41,1,0,27,4.5,19.8,3096.0,No,Yes,0
C100796,Bengaluru,Dell,Standard,17,2,1,18,3.6,1.0,8485.0,Yes,No,0
C100797,Pune,Lenovo,Basic,26,0,2,16,5.0,15.8,6305.0,No,No,0
C100798,Chennai,ASUS,Basic,33,3,3,73,3.8,18.3,1394.0,No,No,0
C100799,Bengaluru,HP,Premium,37,2,4,77,3.4,23.5,1433.0,Yes,Yes,1
C100800,Chennai,HP,Standard,37,3,4,30,,34.3,2930.0,Yes,Yes,0
C100801,Hyderabad,ASUS,Premium,17,2,4,1,3.2,19.9,7789.0,Yes,Yes,0
C100802,Bengaluru,Dell,Standard,48,2,0,26,1.9,8.9,6493.0,Yes,Yes,0
C100803,Mumbai,HP,Premium,1,1,2,60,3.3,1.0,7885.0,No,Yes,0
C100804,Pune,Lenovo,Standard,24,1,2,43,3.3,24.9,4819.0,Yes,No,0
C100805,Delhi,Acer,Basic,30,3,3,50,,9.3,4402.0,No,Yes,1
C100806,Delhi,Dell,Premium,3,3,0,30,3.4,26.7,2430.0,Yes,Yes,0
C100807,Mumbai,Lenovo,Standard,22,2,0,73,1.6,32.0,5464.0,No,Yes,0
C100808,Hyderabad,Dell,Basic,29,0,2,55,3.2,2.6,4427.0,No,No,0
C100809,Chennai,Acer,Basic,30,2,0,61,3.7,23.5,4354.0,No,No,0
C100810,Pune,Acer,Standard,6,1,1,49,3.6,30.9,7874.0,No,Yes,0
C100811,Hyderabad,Lenovo,Basic,14,1,2,60,3.1,28.2,4560.0,No,No,1
C100812,Pune,HP,Basic,12,2,7,58,3.4,1.0,7329.0,No,No,0
C100813,Delhi,Dell,Basic,31,2,5,19,2.8,9.5,1783.0,No,Yes,0
C100814,Bengaluru,ASUS,Standard,16,5,2,55,3.5,5.2,9907.0,Yes,No,0
C100815,Delhi,Acer,Standard,28,4,2,67,3.6,23.2,4091.0,Yes,No,0
C100816,Pune,HP,Standard,36,0,2,77,2.7,22.1,6144.0,Yes,No,1
C100817,Hyderabad,Lenovo,Basic,39,4,1,57,3.7,1.0,6446.0,No,No,0
C100818,Hyderabad,Acer,Basic,9,4,2,18,3.7,15.0,3855.0,No,No,0
C100819,Mumbai,Acer,Standard,44,1,1,22,3.4,26.0,6356.0,No,No,0
C100820,Pune,Lenovo,Basic,8,1,1,33,5.0,19.5,6455.0,No,No,0
C100821,Hyderabad,HP,Standard,2,3,1,50,3.4,19.5,3445.0,Yes,Yes,0
C100822,Mumbai,Acer,Basic,3,1,0,42,3.2,14.4,3468.0,No,No,0
C100823,Hyderabad,Acer,Basic,10,2,2,14,3.1,7.4,4886.0,Yes,No,0
C100824,Mumbai,Lenovo,Basic,42,2,2,13,2.6,17.8,4581.0,Yes,Yes,0
C100825,Mumbai,Dell,Standard,10,1,0,1,4.1,18.5,7447.0,No,No,0
C100826,Hyderabad,Lenovo,Standard,34,2,1,1,2.9,24.2,6135.0,Yes,No,0
C100827,Delhi,Acer,Premium,21,0,2,41,3.0,25.0,4666.0,No,Yes,0
C100828,Pune,ASUS,Basic,2,3,3,110,3.0,18.9,5952.0,No,No,0
C100829,Pune,Lenovo,Standard,22,6,4,95,2.6,28.9,911.0,No,No,0
C100830,Hyderabad,HP,Standard,2,4,2,18,1.9,14.3,,Yes,Yes,0
C100831,Bengaluru,Lenovo,Basic,23,3,3,49,3.1,3.6,5347.0,Yes,No,0
C100832,Bengaluru,Dell,Standard,27,1,2,4,4.3,22.8,6919.0,Yes,No,0
C100833,Chennai,Dell,Basic,26,4,5,8,3.7,19.3,5180.0,No,No,0
C100834,Hyderabad,Acer,Standard,14,2,3,11,4.9,23.0,7571.0,Yes,Yes,0
C100835,Pune,ASUS,Basic,37,4,2,39,4.2,5.4,6449.0,Yes,No,0
C100836,Delhi,ASUS,Standard,29,3,0,40,4.0,35.9,3872.0,No,No,0
C100837,Delhi,Lenovo,Premium,13,3,3,52,5.0,25.1,4534.0,No,No,0
C100838,Bengaluru,Dell,Basic,21,1,3,64,3.4,15.1,5576.0,No,Yes,0
C100839,Hyderabad,ASUS,Standard,6,2,0,36,3.6,8.6,3948.0,Yes,No,0
C100840,Pune,Lenovo,Standard,45,2,2,46,3.5,28.8,7709.0,No,No,0
C100841,Bengaluru,HP,Basic,37,1,1,14,4.9,7.0,2693.0,Yes,Yes,0
C100842,Mumbai,ASUS,Standard,14,3,2,7,3.5,40.6,5401.0,Yes,No,0
C100843,Pune,Acer,Standard,33,2,1,3,2.9,11.9,6197.0,Yes,No,0
C100844,Hyderabad,Acer,Premium,33,1,1,63,4.0,35.2,4204.0,No,No,0
C100845,Hyderabad,HP,Premium,30,1,4,36,2.8,,3776.0,No,No,0
C100846,Hyderabad,ASUS,Basic,3,2,0,1,4.0,33.8,4655.0,Yes,Yes,0
C100847,Hyderabad,Lenovo,Standard,43,4,1,43,3.9,10.7,6343.0,No,No,0
C100848,Hyderabad,Lenovo,Standard,46,2,3,10,3.3,18.2,3850.0,No,Yes,0
C100849,Delhi,Acer,Basic,47,0,2,91,4.0,26.0,2769.0,Yes,No,0
C100850,Mumbai,Acer,Basic,48,1,0,29,2.2,24.6,6986.0,No,No,0
C100851,Pune,Dell,Premium,45,3,0,64,3.6,29.0,5559.0,Yes,Yes,1
C100852,Delhi,HP,Basic,36,1,1,75,3.1,13.1,6715.0,Yes,No,0
C100853,Pune,HP,Standard,3,2,1,18,5.0,,6243.0,No,No,0
C100854,Bengaluru,ASUS,Premium,23,2,0,47,3.6,30.5,8942.0,Yes,Yes,0
C100855,Bengaluru,Acer,Basic,12,1,5,60,3.0,10.9,6918.0,No,Yes,0
C100856,Pune,HP,Standard,11,2,1,48,2.3,23.7,3424.0,Yes,No,1
C100857,Bengaluru,Acer,Premium,40,5,5,55,4.7,15.8,5694.0,No,No,0
C100858,Hyderabad,Acer,Standard,40,3,3,8,3.2,20.1,3741.0,No,Yes,0
C100859,Delhi,HP,Basic,26,4,1,61,2.8,18.8,3937.0,No,No,0
C100860,Delhi,Lenovo,Basic,36,1,1,31,3.8,10.1,2116.0,No,Yes,0
C100861,Pune,ASUS,Premium,7,1,1,55,4.1,15.4,4256.0,No,No,0
C100862,Pune,Lenovo,Basic,11,0,1,71,4.1,19.4,5836.0,Yes,No,0
C100863,Hyderabad,Dell,Standard,42,3,0,64,3.5,17.0,4675.0,Yes,Yes,0
C100864,Delhi,Acer,Basic,22,0,2,55,3.6,33.7,2711.0,No,No,0
C100865,Pune,Lenovo,Standard,27,3,0,63,3.7,28.1,1906.0,No,Yes,0
C100866,Delhi,Lenovo,Premium,23,2,3,64,3.8,20.9,8813.0,Yes,No,0
C100867,Delhi,Acer,Standard,10,0,3,87,3.9,10.4,5418.0,No,Yes,1
C100868,Pune,ASUS,Premium,40,1,0,44,4.5,9.8,3234.0,Yes,Yes,0
C100869,Chennai,HP,Basic,37,0,0,50,3.6,37.7,5677.0,Yes,No,0
C100870,Hyderabad,Lenovo,Standard,33,5,4,71,2.8,7.9,8959.0,No,No,0
C100871,Chennai,Dell,Premium,17,5,2,31,3.4,19.1,5979.0,No,Yes,0
C100872,Bengaluru,Acer,Standard,31,3,1,8,4.2,21.6,800.0,No,No,0
C100873,Hyderabad,Lenovo,Basic,46,0,5,59,1.9,14.9,9839.0,Yes,Yes,0
C100874,Hyderabad,HP,Premium,32,1,3,39,1.9,8.0,1286.0,Yes,No,0
C100875,Delhi,Acer,Standard,24,0,1,11,4.3,10.2,4409.0,No,Yes,0
C100876,Mumbai,Lenovo,Standard,13,6,3,59,4.9,12.5,2647.0,Yes,No,0
C100877,Mumbai,Lenovo,Premium,26,4,1,85,2.4,10.9,3394.0,No,Yes,0
C100878,Delhi,Lenovo,Basic,18,5,1,1,3.6,31.3,5340.0,Yes,No,0
C100879,Mumbai,HP,Basic,30,4,2,74,3.1,17.9,865.0,Yes,No,0
C100880,Mumbai,Dell,Basic,3,4,2,1,3.3,12.8,4629.0,Yes,No,0
C100881,Hyderabad,ASUS,Standard,10,3,3,34,3.8,19.1,6980.0,Yes,No,0
C100882,Pune,Dell,Basic,38,1,1,97,2.3,24.7,3198.0,Yes,Yes,0
C100883,Chennai,HP,Standard,19,2,2,36,2.5,14.6,2158.0,No,Yes,0
C100884,Hyderabad,Acer,Basic,21,0,1,48,3.2,27.0,4535.0,No,No,0
C100885,Delhi,Dell,Standard,27,5,2,66,3.4,5.3,4157.0,Yes,Yes,0
C100886,Delhi,Acer,Basic,22,5,5,1,2.5,29.7,3669.0,No,No,1
C100887,Hyderabad,Acer,Basic,37,2,4,47,4.2,17.9,2542.0,Yes,No,0
C100888,Bengaluru,Acer,Basic,12,3,1,47,3.1,17.5,5786.0,Yes,No,0
C100889,Hyderabad,HP,Standard,37,4,4,97,3.1,11.1,5931.0,No,No,0
C100890,Bengaluru,Dell,Standard,11,7,1,10,3.8,5.7,2775.0,No,No,0
C100891,Hyderabad,ASUS,Basic,18,1,0,34,3.4,1.3,3038.0,No,No,0
C100892,Delhi,HP,Premium,29,4,3,19,4.3,10.4,5059.0,Yes,No,0
C100893,Mumbai,ASUS,Standard,43,3,3,16,2.7,23.9,2967.0,Yes,No,0
C100894,Pune,Dell,Basic,12,4,0,77,2.2,8.4,5139.0,No,No,0
C100895,Delhi,Dell,Premium,29,2,1,46,3.2,2.5,7589.0,No,No,0
C100896,Mumbai,Acer,Basic,4,4,2,29,,8.9,4686.0,No,No,0
C100897,Mumbai,ASUS,Basic,4,1,2,31,2.4,14.2,2494.0,No,Yes,0
C100898,Hyderabad,ASUS,Standard,37,4,1,29,2.3,14.5,5545.0,Yes,No,0
C100899,Hyderabad,Acer,Basic,35,1,3,32,3.7,16.7,4462.0,No,No,0
C100900,Mumbai,HP,Basic,19,2,1,10,2.8,28.3,4515.0,No,Yes,1
C100901,Hyderabad,ASUS,Standard,30,3,1,38,2.2,30.5,5703.0,Yes,Yes,0
C100902,Hyderabad,Acer,Basic,19,2,1,35,4.4,38.1,6113.0,Yes,No,0
C100903,Bengaluru,Dell,Premium,14,3,4,24,2.9,1.8,4867.0,No,Yes,0
C100904,Pune,Dell,Premium,21,2,2,49,4.5,9.4,4685.0,Yes,No,0
C100905,Chennai,ASUS,Standard,15,4,3,52,3.5,25.0,8721.0,No,No,0
C100906,Delhi,HP,Standard,40,0,0,29,3.8,13.5,7081.0,No,No,0
C100907,Chennai,Acer,Standard,20,3,0,41,3.3,26.6,6384.0,Yes,Yes,0
C100908,Bengaluru,Dell,Premium,16,1,2,105,1.1,20.1,5049.0,No,No,1
C100909,Chennai,HP,Basic,26,4,2,104,2.5,33.8,2889.0,No,No,1
C100910,Hyderabad,HP,Basic,37,1,3,15,3.4,28.4,6942.0,Yes,No,0
C100911,Delhi,HP,Standard,14,3,1,19,3.8,28.6,5074.0,No,No,0
C100912,Bengaluru,Acer,Standard,46,2,0,15,1.9,13.9,3703.0,Yes,No,0
C100913,Chennai,ASUS,Basic,23,2,2,75,3.5,17.0,4338.0,No,Yes,1
C100914,Pune,ASUS,Standard,32,1,3,34,2.5,14.9,2964.0,Yes,No,0
C100915,Mumbai,Acer,Basic,46,1,0,52,3.7,2.9,6809.0,Yes,Yes,0
C100916,Chennai,HP,Premium,21,1,2,101,3.5,32.7,6098.0,No,No,0
C100917,Mumbai,ASUS,Basic,10,2,2,45,4.2,25.5,5145.0,Yes,Yes,0
C100918,Delhi,Lenovo,Basic,36,3,3,65,4.5,14.5,4719.0,Yes,No,0
C100919,Bengaluru,Lenovo,Basic,1,0,1,60,3.9,31.0,3507.0,Yes,No,0
C100920,Mumbai,Acer,Basic,22,1,3,29,4.3,11.7,800.0,No,Yes,1
C100921,Pune,Acer,Basic,48,1,5,75,3.2,1.0,2115.0,No,No,0
C100922,Mumbai,ASUS,Basic,20,4,3,21,5.0,28.1,3389.0,Yes,Yes,0
C100923,Chennai,Lenovo,Basic,33,1,2,83,2.4,5.2,3103.0,Yes,Yes,1
C100924,Hyderabad,Acer,Basic,26,2,1,29,3.0,16.0,5350.0,Yes,No,0
C100925,Bengaluru,Acer,Basic,11,1,3,32,4.3,20.1,6342.0,No,No,0
C100926,Pune,HP,Standard,16,1,3,15,4.2,21.9,4556.0,Yes,Yes,0
C100927,Mumbai,HP,Basic,26,4,0,19,3.9,26.5,7477.0,No,Yes,0
C100928,Bengaluru,Acer,Basic,6,2,3,33,4.1,23.8,3312.0,No,Yes,0
C100929,Chennai,Dell,Basic,20,2,5,1,1.6,23.5,4542.0,No,No,0
C100930,Mumbai,HP,Basic,20,4,3,38,4.9,10.1,4703.0,No,No,0
C100931,Mumbai,Acer,Basic,41,1,3,31,3.3,20.9,6875.0,Yes,Yes,0
C100932,Delhi,ASUS,Standard,6,3,2,67,4.6,2.9,5001.0,No,No,0
C100933,Bengaluru,Lenovo,Premium,41,3,1,57,1.7,33.6,5054.0,Yes,No,0
C100934,Mumbai,HP,Premium,20,2,4,25,3.7,4.0,1656.0,No,No,0
C100935,Chennai,Lenovo,Standard,32,1,2,32,3.0,14.5,3090.0,Yes,Yes,0
C100936,Pune,Acer,Standard,27,2,0,38,4.0,4.8,6882.0,Yes,No,0
C100937,Hyderabad,Lenovo,Basic,15,4,1,87,3.8,10.7,857.0,Yes,Yes,0
C100938,Hyderabad,Dell,Standard,45,1,2,22,3.8,18.1,7352.0,Yes,Yes,0
C100939,Chennai,Lenovo,Standard,11,1,3,25,2.5,12.7,5749.0,No,No,0
C100940,Mumbai,Lenovo,Premium,2,3,1,13,3.4,29.4,3380.0,No,No,0
C100941,Delhi,Acer,Premium,37,2,3,4,3.3,20.3,3219.0,Yes,Yes,0
C100942,Chennai,ASUS,Standard,30,3,2,54,3.9,13.4,8402.0,No,No,0
C100943,Pune,ASUS,Standard,43,2,3,51,4.4,16.7,7482.0,No,No,0
C100944,Chennai,Acer,Premium,22,1,2,81,3.6,30.2,4573.0,Yes,No,1
C100945,Hyderabad,HP,Basic,1,2,1,74,2.4,27.1,5056.0,Yes,No,1
C100946,Hyderabad,Lenovo,Premium,1,3,2,112,3.6,6.6,3572.0,No,No,1
C100947,Pune,Dell,Basic,21,1,3,43,5.0,11.2,5056.0,Yes,No,0
C100948,Hyderabad,ASUS,Premium,12,4,1,38,5.0,22.7,3520.0,No,Yes,0
C100949,Pune,ASUS,Standard,45,1,3,9,1.0,21.5,4651.0,Yes,No,0
C100950,Bengaluru,ASUS,Basic,6,4,1,65,3.6,7.5,8240.0,Yes,Yes,0
C100951,Hyderabad,HP,Standard,43,2,2,48,4.3,25.5,4618.0,No,No,0
C100952,Bengaluru,HP,Basic,11,3,2,63,3.3,,2809.0,No,Yes,0
C100953,Mumbai,ASUS,Standard,6,5,1,13,3.1,31.0,2204.0,No,No,0
C100954,Chennai,Lenovo,Standard,14,4,0,55,3.3,23.3,5042.0,Yes,No,1
C100955,Delhi,Acer,Standard,7,1,0,51,4.0,6.7,3354.0,No,Yes,0
C100956,Mumbai,Lenovo,Premium,20,0,3,49,2.5,12.7,5269.0,No,Yes,0
C100957,Chennai,Lenovo,Basic,16,6,3,26,4.6,12.5,1723.0,No,Yes,0
C100958,Mumbai,Acer,Basic,26,0,3,78,3.4,19.6,6111.0,No,No,1
C100959,Pune,ASUS,Standard,26,1,4,102,2.7,16.0,2786.0,No,Yes,1
C100960,Chennai,HP,Basic,1,0,3,14,4.5,6.5,4888.0,No,No,0
C100961,Hyderabad,ASUS,Standard,6,2,0,65,2.1,4.1,4157.0,No,No,1
C100962,Chennai,HP,Basic,8,3,0,1,3.0,23.5,8065.0,No,No,0
C100963,Pune,Lenovo,Standard,10,3,0,64,3.0,20.9,5126.0,No,No,0
C100964,Bengaluru,ASUS,Standard,5,1,2,1,5.0,19.1,8496.0,No,Yes,0
C100965,Pune,ASUS,Premium,16,1,2,30,2.9,20.7,5865.0,No,No,0
C100966,Mumbai,ASUS,Basic,27,1,3,8,1.6,11.8,7508.0,Yes,No,0
C100967,Mumbai,HP,Premium,15,0,1,39,3.0,19.8,4403.0,Yes,No,0
C100968,Bengaluru,ASUS,Standard,16,4,2,68,3.9,43.4,5456.0,Yes,No,1
C100969,Pune,ASUS,Basic,23,2,1,1,4.2,29.7,7115.0,No,Yes,0
C100970,Hyderabad,ASUS,Standard,27,4,3,35,,15.1,6519.0,Yes,No,0
C100971,Bengaluru,Dell,Standard,16,0,0,31,4.8,12.8,5809.0,Yes,No,0
C100972,Chennai,Acer,Basic,11,2,2,89,3.7,1.0,4177.0,No,Yes,0
C100973,Chennai,ASUS,Standard,20,2,1,57,2.7,28.7,4498.0,Yes,Yes,0
C100974,Chennai,Acer,Basic,2,0,2,12,5.0,25.9,6962.0,No,Yes,1
C100975,Hyderabad,HP,Basic,24,0,2,32,3.2,12.6,7357.0,No,No,0
C100976,Bengaluru,Acer,Standard,46,1,4,89,2.9,3.7,3674.0,Yes,Yes,0
C100977,Hyderabad,Dell,Standard,20,4,2,65,3.1,6.4,3387.0,Yes,No,0
C100978,Mumbai,Lenovo,Premium,6,3,0,19,2.4,22.4,3082.0,No,No,0
C100979,Chennai,Acer,Basic,34,1,4,38,3.1,17.1,6376.0,No,Yes,0
C100980,Mumbai,Lenovo,Premium,7,2,2,38,3.3,24.9,3034.0,Yes,Yes,0
C100981,Mumbai,Acer,Standard,10,0,1,30,4.2,18.9,6353.0,Yes,Yes,0
C100982,Delhi,HP,Premium,8,2,1,1,3.2,27.7,5837.0,No,No,0
C100983,Mumbai,Acer,Premium,43,2,1,26,2.4,21.7,3764.0,No,No,0
C100984,Mumbai,Acer,Basic,48,2,0,84,,26.3,7771.0,No,No,0
C100985,Mumbai,Acer,Standard,28,1,0,34,3.7,1.0,2022.0,Yes,No,0
C100986,Mumbai,HP,Basic,30,0,2,42,3.6,5.7,7953.0,No,No,0
C100987,Mumbai,HP,Premium,31,2,2,49,3.0,14.4,5406.0,No,Yes,0
C100988,Bengaluru,HP,Standard,30,2,0,107,3.1,28.8,860.0,Yes,No,1
C100989,Bengaluru,Lenovo,Basic,27,1,3,45,3.8,36.8,7825.0,No,No,1
C100990,Delhi,Lenovo,Premium,48,3,1,76,,16.4,6647.0,No,No,0
C100991,Chennai,HP,Basic,36,2,1,28,2.8,11.9,3986.0,No,Yes,0
C100992,Mumbai,Lenovo,Standard,5,1,3,38,3.6,1.0,2967.0,No,Yes,0
C100993,Bengaluru,HP,Standard,19,5,1,45,4.4,26.6,1819.0,Yes,No,0
C100994,Chennai,HP,Basic,47,2,1,23,2.8,12.5,9389.0,No,No,0
C100995,Mumbai,Acer,Standard,20,1,0,39,3.5,47.6,,Yes,Yes,0
C100996,Mumbai,ASUS,Premium,10,4,1,70,,10.6,2399.0,No,Yes,0
C100997,Mumbai,HP,Basic,42,1,2,23,2.3,39.1,5309.0,Yes,No,0
C100998,Chennai,ASUS,Standard,30,0,2,45,3.7,,1688.0,Yes,No,0
C100999,Pune,Lenovo,Basic,28,2,1,65,3.5,7.7,2935.0,No,No,0
C101000,Mumbai,Dell,Standard,21,0,1,22,4.0,20.3,6690.0,Yes,Yes,0
C101001,Delhi,HP,Basic,6,1,3,76,2.4,25.7,5682.0,No,Yes,1
C101002,Delhi,Dell,Premium,19,0,1,47,3.5,15.7,4066.0,Yes,No,0
C101003,Mumbai,Dell,Premium,21,1,3,40,4.7,26.4,4835.0,Yes,No,0
C101004,Pune,HP,Basic,45,3,2,1,5.0,26.2,3959.0,Yes,Yes,0
C101005,Hyderabad,Lenovo,Basic,15,1,4,35,4.7,24.0,4682.0,Yes,No,0
C101006,Pune,Acer,Standard,8,2,3,55,2.4,17.8,3353.0,Yes,No,1
C101007,Pune,Dell,Standard,21,1,0,94,3.9,6.3,3698.0,Yes,No,0
C101008,Mumbai,ASUS,Standard,48,1,1,61,3.1,17.2,3640.0,No,Yes,0
C101009,Delhi,HP,Basic,24,4,0,77,3.8,19.8,3421.0,No,No,0
C101010,Mumbai,Dell,Basic,19,5,2,11,2.8,1.0,6783.0,Yes,No,0
C101011,Bengaluru,Acer,Premium,33,1,5,41,2.0,19.7,6263.0,Yes,No,0
C101012,Delhi,Acer,Standard,32,1,5,79,3.2,17.0,3029.0,Yes,Yes,1
C101013,Bengaluru,Acer,Premium,15,0,2,20,4.2,5.0,2531.0,Yes,Yes,0
C101014,Bengaluru,Dell,Standard,47,4,3,72,3.8,14.7,4501.0,Yes,Yes,0
C101015,Mumbai,Dell,Premium,29,4,1,66,3.9,14.9,8895.0,No,No,0
C101016,Pune,HP,Basic,3,4,1,53,,37.3,2847.0,No,No,0
C101017,Chennai,Lenovo,Basic,20,3,3,36,3.9,20.2,4494.0,No,Yes,0
C101018,Chennai,ASUS,Premium,45,2,1,17,4.0,28.4,4969.0,No,No,0
C101019,Hyderabad,HP,Premium,19,3,2,95,3.3,16.8,4594.0,No,Yes,0
C101020,Hyderabad,Dell,Basic,28,3,4,63,3.6,1.0,3929.0,Yes,No,1
C101021,Hyderabad,ASUS,Basic,30,2,2,55,5.0,24.7,6995.0,Yes,No,0
C101022,Hyderabad,Dell,Standard,34,1,3,33,3.6,11.4,5663.0,No,No,0
C101023,Pune,Dell,Standard,42,0,5,46,3.5,14.6,6407.0,Yes,No,0
C101024,Pune,Lenovo,Basic,8,2,4,50,3.6,7.5,5920.0,Yes,No,0
C101025,Delhi,Lenovo,Premium,25,4,3,56,3.3,18.7,6499.0,No,Yes,1
C101026,Hyderabad,Acer,Basic,26,1,1,66,,28.7,7810.0,Yes,No,0
C101027,Hyderabad,ASUS,Standard,8,2,2,23,3.7,27.3,,Yes,Yes,0
C101028,Bengaluru,ASUS,Basic,33,0,0,4,3.0,33.9,9217.0,No,Yes,0
C101029,Mumbai,HP,Basic,6,1,2,47,3.4,35.3,7113.0,Yes,No,0
C101030,Chennai,ASUS,Standard,22,3,0,1,,1.0,3528.0,Yes,No,0
C101031,Chennai,Acer,Basic,16,1,1,36,3.6,6.1,6410.0,Yes,No,0
C101032,Bengaluru,Dell,Standard,8,2,1,31,4.0,1.0,6150.0,Yes,Yes,0
C101033,Delhi,ASUS,Basic,40,1,2,59,3.3,24.3,8449.0,No,Yes,0
C101034,Bengaluru,Dell,Premium,12,1,1,101,1.7,11.1,2962.0,No,Yes,0
C101035,Hyderabad,Lenovo,Standard,13,1,1,1,4.0,13.1,5860.0,Yes,No,0
C101036,Delhi,Acer,Premium,42,2,0,109,3.6,15.8,3506.0,Yes,No,0
C101037,Pune,HP,Basic,43,4,2,38,2.6,21.8,5774.0,Yes,No,0
C101038,Hyderabad,HP,Basic,2,1,0,55,4.2,3.1,4392.0,No,No,0
C101039,Chennai,Lenovo,Basic,14,4,5,5,,5.4,5711.0,Yes,No,0
C101040,Delhi,ASUS,Standard,35,1,2,73,4.4,18.0,2120.0,Yes,Yes,0
C101041,Delhi,HP,Basic,38,2,1,46,3.4,30.0,6307.0,No,No,0
C101042,Pune,Acer,Basic,48,5,0,43,1.5,17.7,5192.0,No,No,0
C101043,Chennai,Lenovo,Basic,27,4,1,1,3.7,10.1,5089.0,No,No,1
C101044,Chennai,Dell,Basic,1,0,3,47,3.1,1.0,8505.0,No,No,0
C101045,Delhi,Acer,Standard,42,2,2,69,3.0,27.5,4073.0,No,Yes,0
C101046,Hyderabad,ASUS,Basic,8,1,1,38,2.8,10.6,5450.0,No,Yes,1
C101047,Bengaluru,Lenovo,Basic,6,3,2,78,3.4,6.5,4991.0,No,No,0
C101048,Mumbai,Dell,Standard,33,1,2,77,3.1,1.0,5176.0,Yes,No,0
C101049,Delhi,Dell,Standard,29,0,1,27,1.8,3.6,9021.0,Yes,No,0
C101050,Hyderabad,Lenovo,Basic,3,1,1,90,4.6,8.4,4921.0,Yes,No,0
C101051,Mumbai,Lenovo,Standard,9,1,2,46,3.3,15.6,3722.0,No,Yes,1
C101052,Chennai,Lenovo,Standard,29,0,4,46,2.8,5.9,8355.0,No,No,0
C101053,Mumbai,HP,Basic,13,2,2,48,2.5,19.9,4215.0,No,No,0
C101054,Pune,Lenovo,Standard,33,1,3,47,4.2,15.5,1750.0,Yes,Yes,0
C101055,Hyderabad,HP,Premium,20,2,3,1,2.3,40.2,3392.0,No,No,0
C101056,Pune,Acer,Standard,29,0,0,40,3.6,1.0,2431.0,Yes,No,0
C101057,Chennai,Acer,Premium,23,4,2,7,3.0,19.6,1380.0,Yes,Yes,0
C101058,Delhi,Acer,Standard,18,5,2,91,3.0,19.7,4110.0,No,Yes,0
C101059,Chennai,Dell,Basic,17,5,1,89,2.5,,4667.0,No,No,0
C101060,Bengaluru,ASUS,Standard,34,2,2,69,2.9,19.0,7043.0,No,No,0
C101061,Delhi,Dell,Standard,25,1,3,38,3.5,25.7,5996.0,Yes,No,0
C101062,Delhi,ASUS,Premium,29,4,1,17,3.7,19.0,,Yes,Yes,0
C101063,Hyderabad,Dell,Standard,28,3,0,27,2.8,31.8,3103.0,Yes,Yes,0
C101064,Delhi,Lenovo,Basic,10,3,3,99,3.4,1.0,6481.0,Yes,No,1
C101065,Delhi,Dell,Standard,44,2,2,26,4.3,9.6,,No,Yes,0
C101066,Chennai,Dell,Basic,28,1,2,1,2.0,32.8,5550.0,Yes,Yes,0
C101067,Pune,Acer,Standard,35,1,1,74,3.5,27.1,5603.0,Yes,No,1
C101068,Mumbai,Acer,Standard,43,3,2,87,2.6,23.4,2397.0,Yes,Yes,0
C101069,Chennai,Dell,Standard,45,3,0,91,2.6,30.3,6803.0,No,No,0
C101070,Hyderabad,ASUS,Premium,33,3,0,74,3.7,1.0,8184.0,No,No,0
C101071,Delhi,HP,Standard,38,1,1,79,3.0,26.0,5414.0,Yes,No,1
C101072,Bengaluru,HP,Standard,23,4,0,46,2.4,28.6,3671.0,Yes,No,0
C101073,Delhi,HP,Standard,36,6,1,1,4.7,11.4,4492.0,No,Yes,0
C101074,Mumbai,Lenovo,Premium,16,2,1,46,4.3,44.3,4001.0,No,No,0
C101075,Chennai,Dell,Premium,35,3,3,62,1.8,20.0,4115.0,Yes,No,1
C101076,Hyderabad,Lenovo,Basic,5,2,2,41,2.2,1.0,6031.0,Yes,Yes,0
C101077,Delhi,HP,Standard,44,1,2,40,4.0,21.8,5331.0,No,No,0
C101078,Hyderabad,Dell,Basic,12,3,2,18,3.2,10.8,6707.0,No,Yes,0
C101079,Chennai,HP,Premium,32,3,2,17,4.9,29.6,5505.0,Yes,Yes,0
C101080,Pune,Acer,Standard,1,3,0,96,4.1,23.5,3158.0,Yes,No,0
C101081,Pune,Acer,Standard,8,2,4,97,3.8,12.0,3849.0,Yes,No,1
C101082,Pune,HP,Basic,48,5,2,45,2.6,33.0,3731.0,Yes,Yes,0
C101083,Pune,HP,Basic,41,2,3,53,3.9,27.4,4446.0,Yes,Yes,0
C101084,Mumbai,Acer,Standard,11,2,2,18,2.4,9.7,8210.0,Yes,Yes,0
C101085,Bengaluru,Acer,Basic,7,2,2,63,,16.5,8514.0,Yes,No,0
C101086,Pune,ASUS,Basic,40,3,1,94,3.9,23.2,6390.0,Yes,No,0
C101087,Delhi,ASUS,Premium,48,2,3,2,2.8,14.4,5026.0,No,Yes,0
C101088,Pune,ASUS,Standard,9,1,1,58,4.2,14.7,2213.0,Yes,No,0
C101089,Mumbai,ASUS,Basic,32,1,1,60,5.0,18.4,5218.0,No,No,0
C101090,Hyderabad,Lenovo,Basic,14,3,2,60,3.3,7.3,3299.0,Yes,No,0
C101091,Mumbai,HP,Premium,36,1,0,91,4.0,1.0,7898.0,No,No,0
C101092,Chennai,HP,Standard,21,4,2,102,3.1,20.4,1748.0,No,No,1
C101093,Pune,HP,Standard,7,1,0,38,3.6,1.0,5531.0,No,No,0
C101094,Chennai,Acer,Basic,16,3,0,64,2.1,8.1,3139.0,Yes,No,0
C101095,Bengaluru,Acer,Basic,26,2,0,47,3.5,1.0,4782.0,Yes,Yes,0
C101096,Hyderabad,ASUS,Basic,39,0,3,27,3.5,1.5,6066.0,No,Yes,0
C101097,Pune,Dell,Standard,2,1,0,53,5.0,22.3,6742.0,Yes,Yes,0
C101098,Delhi,Lenovo,Basic,46,1,1,64,1.9,15.8,4685.0,Yes,No,0
C101099,Hyderabad,HP,Basic,32,2,1,51,3.2,15.4,6246.0,Yes,Yes,0
C101100,Chennai,ASUS,Standard,43,3,1,20,4.7,4.8,,No,No,0
C101101,Chennai,HP,Premium,45,3,1,32,3.3,11.4,5267.0,No,Yes,0
C101102,Chennai,Dell,Standard,8,4,1,32,3.3,21.8,6704.0,Yes,No,0
C101103,Pune,Lenovo,Standard,5,4,2,21,2.8,17.5,,No,Yes,0
C101104,Hyderabad,ASUS,Standard,38,2,1,54,2.7,26.2,3794.0,No,No,1
C101105,Bengaluru,ASUS,Standard,10,4,2,57,1.9,27.7,4270.0,Yes,No,0
C101106,Bengaluru,Dell,Basic,8,3,1,72,2.9,15.5,6730.0,Yes,No,0
C101107,Bengaluru,HP,Standard,23,3,0,21,,1.0,2725.0,Yes,No,0
C101108,Pune,Dell,Standard,44,6,2,29,3.6,10.4,3006.0,No,No,0
C101109,Pune,HP,Standard,39,1,3,89,2.8,17.0,5943.0,No,No,0
C101110,Hyderabad,Lenovo,Premium,25,2,3,40,3.1,10.2,3966.0,No,No,0
C101111,Mumbai,HP,Premium,10,3,5,46,3.1,7.5,2039.0,No,No,0
C101112,Bengaluru,Dell,Basic,17,4,2,40,3.5,18.7,7367.0,Yes,No,1
C101113,Bengaluru,Lenovo,Standard,34,0,3,77,3.0,,2711.0,No,No,1
C101114,Bengaluru,Dell,Basic,8,4,2,78,2.5,13.1,4421.0,No,No,0
C101115,Bengaluru,HP,Basic,26,1,1,76,3.6,18.0,3623.0,No,No,0
C101116,Chennai,Dell,Basic,1,2,2,46,4.5,4.9,4234.0,Yes,No,0
C101117,Pune,Dell,Basic,16,3,1,21,,30.4,3119.0,Yes,No,1
C101118,Mumbai,Lenovo,Standard,12,2,2,99,3.0,26.7,6157.0,Yes,Yes,0
C101119,Delhi,ASUS,Standard,33,1,2,69,3.4,26.1,5011.0,Yes,Yes,0
C101120,Chennai,Acer,Premium,44,3,1,32,1.7,31.6,6669.0,No,No,0
C101121,Hyderabad,Dell,Basic,8,2,0,85,3.4,13.7,3643.0,No,No,0
C101122,Hyderabad,Dell,Basic,39,3,2,30,3.1,15.0,8853.0,No,No,0
C101123,Bengaluru,HP,Standard,32,3,2,84,2.7,35.1,1181.0,Yes,No,1
C101124,Bengaluru,Acer,Basic,47,1,2,86,2.8,24.3,1788.0,Yes,No,0
C101125,Pune,Acer,Basic,44,2,2,19,3.1,1.0,8131.0,Yes,Yes,0
C101126,Pune,ASUS,Premium,5,1,2,61,4.4,22.5,5701.0,No,No,0
C101127,Pune,HP,Basic,36,3,2,67,4.5,12.2,5449.0,No,Yes,0
C101128,Mumbai,Dell,Basic,29,1,2,118,2.7,27.0,5619.0,No,No,1
C101129,Mumbai,Dell,Standard,6,1,2,24,3.0,22.1,5885.0,No,No,0
C101130,Mumbai,Dell,Standard,13,3,1,85,3.1,1.0,5370.0,No,Yes,0
C101131,Chennai,Dell,Standard,45,3,4,45,4.2,20.7,2965.0,Yes,No,0
C101132,Delhi,ASUS,Basic,27,0,1,10,3.6,20.1,6355.0,Yes,No,0
C101133,Delhi,HP,Premium,17,3,1,42,3.6,21.6,6055.0,Yes,Yes,0
C101134,Delhi,ASUS,Basic,16,2,2,45,4.0,23.8,7514.0,Yes,No,1
C101135,Mumbai,Lenovo,Standard,41,1,1,15,,33.0,8152.0,No,No,0
C101136,Hyderabad,Lenovo,Standard,14,2,0,54,4.7,22.1,5428.0,Yes,No,0
C101137,Delhi,Lenovo,Premium,8,1,2,72,3.5,18.2,2468.0,No,Yes,0
C101138,Chennai,ASUS,Basic,28,1,2,52,2.7,29.5,8168.0,No,Yes,0
C101139,Delhi,Dell,Standard,48,4,3,30,3.3,40.4,2866.0,No,No,0
C101140,Mumbai,Dell,Basic,9,5,2,41,4.6,27.2,5442.0,No,Yes,0
C101141,Pune,Lenovo,Basic,13,3,0,45,3.1,20.1,4312.0,Yes,Yes,0
C101142,Chennai,HP,Basic,23,5,1,51,4.4,22.3,3982.0,No,No,1
C101143,Pune,Lenovo,Standard,10,2,6,76,2.9,20.6,6252.0,Yes,No,0
C101144,Pune,Acer,Basic,32,3,1,53,2.8,18.2,5264.0,No,No,0
C101145,Bengaluru,Lenovo,Standard,13,4,1,6,4.1,39.7,5775.0,No,No,0
C101146,Chennai,HP,Basic,7,1,0,29,2.7,10.5,3250.0,Yes,Yes,0
C101147,Mumbai,HP,Premium,13,0,1,50,4.2,29.5,4469.0,Yes,Yes,0
C101148,Delhi,Acer,Premium,45,1,1,76,3.8,16.7,3338.0,No,No,0
C101149,Delhi,HP,Basic,45,1,2,81,2.7,3.2,4422.0,No,No,0
C101150,Pune,Lenovo,Basic,25,2,1,95,3.4,16.1,4574.0,No,Yes,0
C101151,Chennai,Lenovo,Basic,20,2,0,49,3.0,12.5,8304.0,Yes,No,0
C101152,Mumbai,Acer,Premium,40,0,1,66,3.8,23.8,4307.0,No,Yes,0
C101153,Chennai,Acer,Basic,10,2,2,4,5.0,18.9,800.0,No,No,0
C101154,Pune,Lenovo,Standard,32,1,2,57,3.2,7.8,7451.0,Yes,No,0
C101155,Bengaluru,HP,Standard,33,1,0,15,4.0,32.7,5654.0,No,No,0
C101156,Mumbai,HP,Standard,35,2,0,43,3.5,28.9,4551.0,No,Yes,0
C101157,Hyderabad,Lenovo,Standard,11,2,1,130,3.5,33.9,3969.0,No,Yes,0
C101158,Pune,HP,Standard,35,1,2,53,3.4,20.4,3001.0,Yes,No,0
C101159,Chennai,Acer,Premium,30,3,1,21,2.7,17.6,8482.0,Yes,No,0
C101160,Chennai,HP,Basic,43,2,1,56,3.8,25.0,4899.0,No,No,0
C101161,Mumbai,Acer,Premium,9,3,2,31,3.2,12.2,1498.0,No,Yes,0
C101162,Chennai,Acer,Basic,30,1,1,18,2.7,19.3,5423.0,Yes,No,0
C101163,Pune,ASUS,Standard,40,2,5,104,4.4,16.2,7092.0,No,Yes,1
C101164,Mumbai,Dell,Premium,14,2,5,75,3.6,3.4,5097.0,Yes,Yes,0
C101165,Mumbai,Acer,Standard,36,1,0,55,3.3,19.3,3087.0,No,Yes,0
C101166,Hyderabad,Dell,Standard,5,0,3,34,4.7,13.6,2917.0,Yes,Yes,0
C101167,Hyderabad,HP,Basic,35,0,2,36,1.8,15.6,3057.0,Yes,Yes,0
C101168,Chennai,Dell,Standard,30,5,2,88,4.6,21.6,7691.0,No,Yes,1
C101169,Pune,Dell,Basic,10,4,0,54,2.7,30.7,4664.0,Yes,No,1
C101170,Pune,Dell,Standard,4,3,3,1,3.7,9.5,1610.0,No,No,0
C101171,Mumbai,Dell,Standard,36,4,0,113,3.0,14.6,5530.0,No,No,1
C101172,Mumbai,ASUS,Basic,12,2,4,50,2.7,10.3,,Yes,Yes,0
C101173,Chennai,Dell,Basic,24,2,1,55,4.7,9.7,3947.0,No,No,1
C101174,Bengaluru,HP,Basic,3,1,4,75,5.0,12.1,2861.0,No,Yes,0
C101175,Hyderabad,Acer,Basic,47,2,0,58,3.3,16.0,2779.0,No,Yes,0
C101176,Chennai,ASUS,Basic,27,5,2,66,3.8,23.9,6865.0,No,No,1
C101177,Bengaluru,ASUS,Premium,45,4,1,33,3.6,21.2,5270.0,Yes,No,0
C101178,Bengaluru,Dell,Standard,8,1,2,11,,7.4,5709.0,Yes,No,0
C101179,Bengaluru,ASUS,Basic,10,3,3,53,1.6,30.9,5265.0,Yes,No,1
C101180,Hyderabad,Acer,Standard,30,1,0,85,3.8,27.4,5423.0,No,Yes,0
C101181,Mumbai,Dell,Premium,30,2,5,27,2.8,9.0,3910.0,Yes,Yes,1
C101182,Pune,Lenovo,Basic,38,2,2,25,1.4,30.2,4409.0,Yes,No,0
C101183,Delhi,ASUS,Basic,45,2,0,79,3.2,21.3,7013.0,No,Yes,0
C101184,Chennai,HP,Basic,40,2,3,32,5.0,16.4,7488.0,Yes,Yes,0
C101185,Chennai,Dell,Basic,7,2,1,34,2.9,21.6,2478.0,No,Yes,0
C101186,Bengaluru,ASUS,Standard,15,6,3,35,4.2,17.7,4404.0,Yes,No,0
C101187,Hyderabad,ASUS,Premium,44,2,2,43,4.6,23.5,6395.0,Yes,Yes,0
C101188,Mumbai,ASUS,Basic,27,1,3,1,3.5,19.9,8376.0,Yes,Yes,0
C101189,Mumbai,ASUS,Standard,42,1,1,30,3.6,14.6,8186.0,Yes,No,0
C101190,Hyderabad,ASUS,Basic,28,3,2,51,2.0,1.0,3288.0,No,No,1
C101191,Chennai,Lenovo,Standard,3,3,3,51,,23.3,7223.0,Yes,No,0
C101192,Bengaluru,Dell,Standard,23,1,1,77,4.3,14.3,4911.0,No,No,0
C101193,Bengaluru,Acer,Basic,40,3,1,97,3.6,25.8,6784.0,No,Yes,0
C101194,Delhi,HP,Basic,32,1,0,87,3.8,22.8,6298.0,Yes,No,0
C101195,Mumbai,Lenovo,Standard,7,0,0,71,3.6,14.5,2398.0,No,Yes,0
C101196,Mumbai,Acer,Premium,11,0,1,41,5.0,28.2,5845.0,No,No,0
C101197,Delhi,ASUS,Basic,42,0,1,28,3.1,20.0,,Yes,Yes,0
C101198,Pune,HP,Basic,48,3,2,46,4.9,19.6,4762.0,No,No,0
C101199,Delhi,HP,Basic,37,0,3,61,3.6,16.6,4332.0,Yes,No,0
C101200,Mumbai,Acer,Standard,5,3,3,68,5.0,34.8,,No,Yes,0
